data,cidade,confirmado,suspeitos,obitos
2020-04-05, FORTALEZA ,914,4420,36
2020-04-05, AQUIRAZ ,19,54,0
2020-04-05, MARACANAU ,14,93,1
2020-04-05, CAUCAIA ,10,173,0
2020-04-05, SOBRAL ,7,346,0
2020-04-05, HORIZONTE ,6,36,0
2020-04-05, Sem informação ,5,49,0
2020-04-05, QUIXADA ,4,25,0
2020-04-05, JUAZEIRO DO NORTE ,3,64,0
2020-04-05, JAGUARIBE ,2,15,1
2020-04-05, NOVO ORIENTE ,2,1,0
2020-04-05, ICO ,2,14,0
2020-04-05, IGUATU ,2,23,1
2020-04-05, ITAPAJE ,1,1,0
2020-04-05, ITAITINGA ,1,23,0
2020-04-05, SANTA QUITERIA ,1,16,1
2020-04-05, CANINDE ,1,75,0
2020-04-05, FARIAS BRITO ,1,4,1
2020-04-05, MARANGUAPE ,1,57,0
2020-04-05, CARIUS ,1,5,1
2020-04-05, PEDRA BRANCA ,1,3,0
2020-04-05, TIANGUA ,1,17,1
2020-04-05, QUIXERAMOBIM ,1,10,0
2020-04-05, PINDORETAMA ,1,28,0
2020-04-05, IPUEIRAS ,1,8,0
2020-04-05, PACATUBA ,1,26,0
2020-04-05, EUSEBIO ,1,71,1
2020-04-05, MAURITI ,1,5,0
2020-04-05, BEBERIBE ,1,24,0
2020-04-05, ITAPIPOCA ,1,43,0
2020-04-05, LIMOEIRO DO NORTE ,1,14,0
2020-04-05, FORTIM ,1,3,0
2020-04-05, IPAPORANGA ,1,3,0
2020-04-05, CAMOCIM ,0,14,0
2020-04-05, ABAIARA ,0,1,0
2020-04-05, ITAICABA ,0,2,0
2020-04-05, MULUNGU ,0,14,0
2020-04-05, CARIDADE ,0,6,0
2020-04-05, SALITRE ,0,1,0
2020-04-05, SAO LUÍS DO CURU ,0,6,0
2020-04-05, MORADA NOVA ,0,14,0
2020-04-05, CARNAUBAL ,0,2,0
2020-04-05, CEDRO ,0,4,0
2020-04-05, ITAREMA ,0,10,0
2020-04-05, ANTONINA DO NORTE ,0,1,0
2020-04-05, CRUZ ,0,9,0
2020-04-05, TARRAFAS ,0,2,0
2020-04-05, ACARAPE ,0,4,0
2020-04-05, ALTANEIRA ,0,2,0
2020-04-05, GUARACIABA DO NORTE ,0,7,0
2020-04-05, COREAU ,0,8,0
2020-04-05, MARCO ,0,6,0
2020-04-05, CAPISTRANO ,0,3,0
2020-04-05, ERERE ,0,1,0
2020-04-05, POTENGI ,0,2,0
2020-04-05, TEJUCUOCA ,0,4,0
2020-04-05, MILHA ,0,1,0
2020-04-05, RUSSAS ,0,32,0
2020-04-05, SABOEIRO ,0,1,0
2020-04-05, CRATEUS ,0,40,0
2020-04-05, MIRAIMA ,0,1,0
2020-04-05, ACARAU ,0,31,0
2020-04-05, PALMACIA ,0,1,0
2020-04-05, IRAUCUBA ,0,7,0
2020-04-05, URUOCA ,0,15,0
2020-04-05, BARRO ,0,4,0
2020-04-05, PIQUET CARNEIRO ,0,1,0
2020-04-05, TABULEIRO DO NORTE ,0,7,0
2020-04-05, UMARI ,0,1,0
2020-04-05, GROAIRAS ,0,3,0
2020-04-05, CHAVAL ,0,1,0
2020-04-05, PIRES FERREIRA ,0,4,0
2020-04-05, MORRINHOS ,0,5,0
2020-04-05, SENADOR POMPEU ,0,6,0
2020-04-05, IBICUITINGA ,0,2,0
2020-04-05, ICAPUI ,0,11,0
2020-04-05, TAMBORIL ,0,5,0
2020-04-05, MISSAO VELHA ,0,4,0
2020-04-05, MOMBACA ,0,5,0
2020-04-05, MUCAMBO ,0,32,0
2020-04-05, PARAMBU ,0,3,0
2020-04-05, ACOPIARA ,0,11,0
2020-04-05, CARIRIACU ,0,6,0
2020-04-05, ARATUBA ,0,2,0
2020-04-05, TRAIRI ,0,6,0
2020-04-05, VARJOTA ,0,3,0
2020-04-05, LAVRAS DA MANGABEIRA ,0,5,0
2020-04-05, AMONTADA ,0,14,0
2020-04-05, CASCAVEL ,0,28,0
2020-04-05, GRANJA ,0,8,0
2020-04-05, SENADOR SA ,0,1,0
2020-04-05, JAGUARIBARA ,0,5,0
2020-04-05, BOA VIAGEM ,0,9,0
2020-04-05, PACUJA ,0,5,0
2020-04-05, ARARENDA ,0,4,0
2020-04-05, JAGUARETAMA ,0,5,0
2020-04-05, MILAGRES ,0,3,0
2020-04-05, CROATA ,0,1,0
2020-04-05, PENAFORTE ,0,2,0
2020-04-05, MASSAPE ,0,34,0
2020-04-05, QUITERIANOPOLIS ,0,8,0
2020-04-05, ITAPIUNA ,0,2,0
2020-04-05, FRECHEIRINHA ,0,5,0
2020-04-05, VARZEA ALEGRE ,0,4,0
2020-04-05, IPU ,0,4,0
2020-04-05, JIJOCA DE JERICOACOARA ,0,7,0
2020-04-05, ARARIPE ,0,2,0
2020-04-05, APUIARES ,0,4,0
2020-04-05, ARNEIROZ ,0,2,0
2020-04-05, BELA CRUZ ,0,4,0
2020-04-05, JARDIM ,0,3,0
2020-04-05, CHORÓ ,0,1,0
2020-04-05, SAO GONCALO DO AMARANTE ,0,12,0
2020-04-05, ITATIRA ,0,5,0
2020-04-05, PARAIPABA ,0,7,0
2020-04-05, INDEPENDENCIA ,0,2,0
2020-04-05, ARACOIABA ,0,17,0
2020-04-05, BARBALHA ,0,36,0
2020-04-05, OCARA ,0,6,0
2020-04-05, QUIXERE ,0,12,0
2020-04-05, PACOTI ,0,8,0
2020-04-05, JAGUARUANA ,0,12,0
2020-04-05, UBAJARA ,0,5,0
2020-04-05, MONSENHOR TABOSA ,0,2,0
2020-04-05, NOVA OLINDA ,0,2,0
2020-04-05, ALTO SANTO ,0,1,0
2020-04-05, PARAMOTI ,0,5,0
2020-04-05, REDENCAO ,0,11,0
2020-04-05, CATUNDA ,0,1,0
2020-04-05, BARROQUINHA ,0,7,0
2020-04-05, SOLONOPOLE ,0,2,0
2020-04-05, HIDROLANDIA ,0,4,0
2020-04-05, BARREIRA ,0,7,0
2020-04-05, SANTANA DO ACARAU ,0,24,0
2020-04-05, GUARAMIRANGA ,0,4,0
2020-04-05, CHOROZINHO ,0,3,0
2020-04-05, SANTANA DO CARIRI ,0,1,0
2020-04-05, BANABUIU ,0,4,0
2020-04-05, FORQUILHA ,0,12,0
2020-04-05, PARACURU ,0,3,0
2020-04-05, MARTINOPOLE ,0,3,0
2020-04-05, UMIRIM ,0,1,0
2020-04-05, PACAJUS ,0,50,0
2020-04-05, ALCANTARAS ,0,4,0
2020-04-05, PENTECOSTE ,0,6,0
2020-04-05, AURORA ,0,4,0
2020-04-05, VICOSA DO CEARA ,0,5,0
2020-04-05, ASSARE ,0,2,0
2020-04-05, TAUA ,0,46,0
2020-04-05, PEREIRO ,0,4,0
2020-04-05, BREJO SANTO ,0,11,0
2020-04-05, JUCAS ,0,4,0
2020-04-05, GRACA ,0,1,0
2020-04-05, CATARINA ,0,3,0
2020-04-05, CRATO ,0,41,0
2020-04-05, MADALENA ,0,8,0
2020-04-05, IBARETAMA ,0,7,0
2020-04-05, CARIRE ,0,8,0
2020-04-05, QUIXELO ,0,6,0
2020-04-05, RERIUTABA ,0,2,0
2020-04-05, NOVA RUSSAS ,0,1,0
2020-04-05, PORANGA ,0,2,0
2020-04-05, BAIXIO ,0,2,0
2020-04-05, CAMPOS SALES ,0,3,0
2020-04-05, MERUOCA ,0,11,0
2020-04-05, MORAUJO ,0,8,0
2020-04-05, ARACATI ,0,37,1
2020-04-05, SAO JOAO DO JAGUARIBE ,0,2,0
2020-04-05, PALHANO ,0,1,0
2020-04-05, GUAIÚBA ,0,6,0
2020-04-05, SAO BENEDITO ,0,6,0
2020-04-05, URUBURETAMA ,0,6,0
2020-04-05, IBIAPINA ,0,8,0
2020-04-05, BATURITÉ ,0,7,0
2020-04-05, TURURU ,0,6,0
2020-04-03, Sem informação ,2,49,0
2020-04-03, CAMOCIM ,0,14,0
2020-04-03, ABAIARA ,0,1,0
2020-04-03, ITAICABA ,0,2,0
2020-04-03, MULUNGU ,0,14,0
2020-04-03, CAUCAIA ,7,163,0
2020-04-03, CARIDADE ,0,6,0
2020-04-03, SALITRE ,0,1,0
2020-04-03, SAO LUÍS DO CURU ,0,6,0
2020-04-03, MORADA NOVA ,0,14,0
2020-04-03, CARNAUBAL ,0,2,0
2020-04-03, CEDRO ,0,4,0
2020-04-03, ITAREMA ,0,10,0
2020-04-03, QUIXADA ,2,21,0
2020-04-03, ITAPAJE ,1,1,0
2020-04-03, ANTONINA DO NORTE ,0,1,0
2020-04-03, ITAITINGA ,1,23,0
2020-04-03, CRUZ ,0,9,0
2020-04-03, TARRAFAS ,0,2,0
2020-04-03, SANTA QUITERIA ,1,16,1
2020-04-03, ACARAPE ,0,4,0
2020-04-03, ALTANEIRA ,0,2,0
2020-04-03, GUARACIABA DO NORTE ,0,6,0
2020-04-03, CANINDE ,1,70,0
2020-04-03, COREAU ,0,8,0
2020-04-03, MARCO ,0,6,0
2020-04-03, CAPISTRANO ,0,3,0
2020-04-03, ERERE ,0,1,0
2020-04-03, POTENGI ,0,2,0
2020-04-03, FARIAS BRITO ,1,4,1
2020-04-03, TEJUCUOCA ,0,4,0
2020-04-03, MARANGUAPE ,1,53,0
2020-04-03, MILHA ,0,1,0
2020-04-03, JAGUARIBE ,1,13,1
2020-04-03, CARIUS ,1,4,0
2020-04-03, RUSSAS ,0,30,0
2020-04-03, PEDRA BRANCA ,0,3,0
2020-04-03, SABOEIRO ,0,1,0
2020-04-03, CRATEUS ,0,36,0
2020-04-03, MIRAIMA ,0,1,0
2020-04-03, ACARAU ,0,26,0
2020-04-03, PALMACIA ,0,1,0
2020-04-03, TIANGUA ,1,17,1
2020-04-03, IRAUCUBA ,0,7,0
2020-04-03, URUOCA ,0,15,0
2020-04-03, JUAZEIRO DO NORTE ,1,54,0
2020-04-03, BARRO ,0,4,0
2020-04-03, PIQUET CARNEIRO ,0,1,0
2020-04-03, TABULEIRO DO NORTE ,0,7,0
2020-04-03, UMARI ,0,1,0
2020-04-03, GROAIRAS ,0,3,0
2020-04-03, CHAVAL ,0,1,0
2020-04-03, PIRES FERREIRA ,0,4,0
2020-04-03, QUIXERAMOBIM ,0,8,0
2020-04-03, MORRINHOS ,0,5,0
2020-04-03, SENADOR POMPEU ,0,6,0
2020-04-03, IBICUITINGA ,0,2,0
2020-04-03, ICAPUI ,0,11,0
2020-04-03, TAMBORIL ,0,4,0
2020-04-03, MISSAO VELHA ,0,4,0
2020-04-03, MOMBACA ,0,5,0
2020-04-03, MUCAMBO ,0,32,0
2020-04-03, PARAMBU ,0,3,0
2020-04-03, ACOPIARA ,0,11,0
2020-04-03, CARIRIACU ,0,6,0
2020-04-03, ARATUBA ,0,2,0
2020-04-03, TRAIRI ,0,6,0
2020-04-03, MARACANAU ,14,87,1
2020-04-03, VARJOTA ,0,3,0
2020-04-03, LAVRAS DA MANGABEIRA ,0,5,0
2020-04-03, AMONTADA ,0,14,0
2020-04-03, CASCAVEL ,0,26,0
2020-04-03, PINDORETAMA ,0,28,0
2020-04-03, GRANJA ,0,8,0
2020-04-03, SENADOR SA ,0,1,0
2020-04-03, IPUEIRAS ,0,7,0
2020-04-03, JAGUARIBARA ,0,4,0
2020-04-03, BOA VIAGEM ,0,9,0
2020-04-03, PACUJA ,0,4,0
2020-04-03, ARARENDA ,0,2,0
2020-04-03, PACATUBA ,1,24,0
2020-04-03, JAGUARETAMA ,0,5,0
2020-04-03, MILAGRES ,0,3,0
2020-04-03, CROATA ,0,1,0
2020-04-03, PENAFORTE ,0,2,0
2020-04-03, MASSAPE ,0,32,0
2020-04-03, QUITERIANOPOLIS ,0,6,0
2020-04-03, ITAPIUNA ,0,2,0
2020-04-03, FRECHEIRINHA ,0,5,0
2020-04-03, VARZEA ALEGRE ,0,3,0
2020-04-03, IPU ,0,4,0
2020-04-03, JIJOCA DE JERICOACOARA ,0,6,0
2020-04-03, ARARIPE ,0,1,0
2020-04-03, APUIARES ,0,3,0
2020-04-03, ARNEIROZ ,0,1,0
2020-04-03, BELA CRUZ ,0,4,0
2020-04-03, EUSEBIO ,0,64,1
2020-04-03, JARDIM ,0,3,0
2020-04-03, AQUIRAZ ,19,54,0
2020-04-03, CHORÓ ,0,1,0
2020-04-03, SAO GONCALO DO AMARANTE ,0,12,0
2020-04-03, ITATIRA ,0,5,0
2020-04-03, PARAIPABA ,0,6,0
2020-04-03, INDEPENDENCIA ,0,1,0
2020-04-03, ARACOIABA ,0,16,0
2020-04-03, MAURITI ,1,4,0
2020-04-03, BARBALHA ,0,34,0
2020-04-03, OCARA ,0,6,0
2020-04-03, SOBRAL ,5,344,0
2020-04-03, QUIXERE ,0,12,0
2020-04-03, PACOTI ,0,8,0
2020-04-03, JAGUARUANA ,0,12,0
2020-04-03, BEBERIBE ,1,23,0
2020-04-03, UBAJARA ,0,4,0
2020-04-03, MONSENHOR TABOSA ,0,2,0
2020-04-03, NOVA OLINDA ,0,2,0
2020-04-03, ALTO SANTO ,0,1,0
2020-04-03, ITAPIPOCA ,1,41,0
2020-04-03, PARAMOTI ,0,5,0
2020-04-03, LIMOEIRO DO NORTE ,0,10,0
2020-04-03, REDENCAO ,0,8,0
2020-04-03, CATUNDA ,0,1,0
2020-04-03, BARROQUINHA ,0,7,0
2020-04-03, NOVO ORIENTE ,0,1,0
2020-04-03, SOLONOPOLE ,0,2,0
2020-04-03, HIDROLANDIA ,0,4,0
2020-04-03, HORIZONTE ,0,33,0
2020-04-03, BARREIRA ,0,7,0
2020-04-03, FORTIM ,1,3,0
2020-04-03, SANTANA DO ACARAU ,0,24,0
2020-04-03, GUARAMIRANGA ,0,4,0
2020-04-03, CHOROZINHO ,0,3,0
2020-04-03, SANTANA DO CARIRI ,0,1,0
2020-04-03, BANABUIU ,0,4,0
2020-04-03, FORQUILHA ,0,10,0
2020-04-03, PARACURU ,0,3,0
2020-04-03, ICO ,2,14,0
2020-04-03, MARTINOPOLE ,0,1,0
2020-04-03, UMIRIM ,0,1,0
2020-04-03, PACAJUS ,0,47,0
2020-04-03, ALCANTARAS ,0,2,0
2020-04-03, IGUATU ,0,21,1
2020-04-03, PENTECOSTE ,0,4,0
2020-04-03, AURORA ,0,4,0
2020-04-03, VICOSA DO CEARA ,0,5,0
2020-04-03, ASSARE ,0,2,0
2020-04-03, TAUA ,0,37,0
2020-04-03, PEREIRO ,0,2,0
2020-04-03, BREJO SANTO ,0,11,0
2020-04-03, JUCAS ,0,4,0
2020-04-03, GRACA ,0,1,0
2020-04-03, CATARINA ,0,2,0
2020-04-03, CRATO ,0,38,0
2020-04-03, MADALENA ,0,8,0
2020-04-03, IBARETAMA ,0,7,0
2020-04-03, CARIRE ,0,8,0
2020-04-03, QUIXELO ,0,6,0
2020-04-03, RERIUTABA ,0,2,0
2020-04-03, FORTALEZA ,694,4124,27
2020-04-03, NOVA RUSSAS ,0,1,0
2020-04-03, PORANGA ,0,2,0
2020-04-03, BAIXIO ,0,2,0
2020-04-03, CAMPOS SALES ,0,3,0
2020-04-03, MERUOCA ,0,11,0
2020-04-03, IPAPORANGA ,1,3,0
2020-04-03, MORAUJO ,0,8,0
2020-04-03, ARACATI ,0,35,0
2020-04-03, SAO JOAO DO JAGUARIBE ,0,1,0
2020-04-03, PALHANO ,0,1,0
2020-04-03, GUAIÚBA ,0,6,0
2020-04-03, SAO BENEDITO ,0,6,0
2020-04-03, URUBURETAMA ,0,6,0
2020-04-03, IBIAPINA ,0,8,0
2020-04-03, BATURITÉ ,0,7,0
2020-04-03, TURURU ,0,6,0
2020-04-11, Sem informação ,20,48,0
2020-04-11, CAMOCIM ,0,14,0
2020-04-11, IPAUMIRIM ,0,1,0
2020-04-11, ABAIARA ,0,2,0
2020-04-11, ITAICABA ,1,2,0
2020-04-11, MULUNGU ,0,16,0
2020-04-11, CAUCAIA ,26,251,1
2020-04-11, CARIDADE ,0,8,0
2020-04-11, SALITRE ,0,1,0
2020-04-11, SAO LUÍS DO CURU ,1,6,0
2020-04-11, MORADA NOVA ,0,16,0
2020-04-11, CARNAUBAL ,0,4,0
2020-04-11, CEDRO ,0,7,0
2020-04-11, ITAREMA ,1,13,0
2020-04-11, QUIXADA ,7,37,0
2020-04-11, ITAPAJE ,1,2,0
2020-04-11, ANTONINA DO NORTE ,0,1,0
2020-04-11, ITAITINGA ,3,40,1
2020-04-11, CRUZ ,0,10,0
2020-04-11, TARRAFAS ,0,3,0
2020-04-11, SANTA QUITERIA ,2,17,1
2020-04-11, ACARAPE ,0,6,0
2020-04-11, ALTANEIRA ,0,2,0
2020-04-11, GUARACIABA DO NORTE ,1,7,0
2020-04-11, CANINDE ,1,89,0
2020-04-11, COREAU ,0,15,0
2020-04-11, MARCO ,0,7,0
2020-04-11, CAPISTRANO ,0,3,0
2020-04-11, ERERE ,0,2,0
2020-04-11, POTENGI ,0,2,0
2020-04-11, FARIAS BRITO ,1,4,1
2020-04-11, TEJUCUOCA ,0,4,0
2020-04-11, MARANGUAPE ,3,72,0
2020-04-11, MILHA ,0,1,0
2020-04-11, JAGUARIBE ,4,22,1
2020-04-11, CARIUS ,2,7,1
2020-04-11, RUSSAS ,2,45,0
2020-04-11, PEDRA BRANCA ,1,3,0
2020-04-11, SABOEIRO ,0,2,0
2020-04-11, CRATEUS ,1,58,0
2020-04-11, MIRAIMA ,0,1,0
2020-04-11, ACARAU ,0,34,0
2020-04-11, PALMACIA ,0,1,0
2020-04-11, TIANGUA ,3,21,1
2020-04-11, IRAUCUBA ,0,11,0
2020-04-11, URUOCA ,0,15,0
2020-04-11, JUAZEIRO DO NORTE ,3,74,0
2020-04-11, BARRO ,0,4,0
2020-04-11, PIQUET CARNEIRO ,0,4,0
2020-04-11, TABULEIRO DO NORTE ,1,7,0
2020-04-11, UMARI ,0,1,0
2020-04-11, GROAIRAS ,0,4,0
2020-04-11, CHAVAL ,0,1,0
2020-04-11, PIRES FERREIRA ,0,3,0
2020-04-11, QUIXERAMOBIM ,4,19,0
2020-04-11, MORRINHOS ,0,5,0
2020-04-11, GRANJEIRO ,0,2,0
2020-04-11, SENADOR POMPEU ,2,6,0
2020-04-11, IBICUITINGA ,0,3,0
2020-04-11, ICAPUI ,1,17,0
2020-04-11, TAMBORIL ,0,8,0
2020-04-11, MISSAO VELHA ,0,4,0
2020-04-11, MOMBACA ,2,6,0
2020-04-11, MUCAMBO ,0,32,0
2020-04-11, PARAMBU ,0,5,0
2020-04-11, ACOPIARA ,0,12,0
2020-04-11, POTIRETAMA ,0,1,0
2020-04-11, CARIRIACU ,0,6,0
2020-04-11, ARATUBA ,0,3,0
2020-04-11, TRAIRI ,0,8,0
2020-04-11, MARACANAU ,21,131,1
2020-04-11, VARJOTA ,0,4,0
2020-04-11, LAVRAS DA MANGABEIRA ,1,7,0
2020-04-11, AMONTADA ,1,15,0
2020-04-11, CASCAVEL ,1,37,0
2020-04-11, PINDORETAMA ,1,32,0
2020-04-11, GRANJA ,0,11,0
2020-04-11, SENADOR SA ,1,2,0
2020-04-11, IPUEIRAS ,2,12,0
2020-04-11, JAGUARIBARA ,0,5,0
2020-04-11, BOA VIAGEM ,0,13,0
2020-04-11, PACUJA ,0,6,0
2020-04-11, ARARENDA ,0,5,0
2020-04-11, PACATUBA ,2,36,0
2020-04-11, JAGUARETAMA ,0,4,0
2020-04-11, MILAGRES ,0,5,0
2020-04-11, CROATA ,1,2,0
2020-04-11, PENAFORTE ,0,2,0
2020-04-11, MASSAPE ,0,46,0
2020-04-11, QUITERIANOPOLIS ,0,9,0
2020-04-11, ITAPIUNA ,0,5,0
2020-04-11, FRECHEIRINHA ,0,7,0
2020-04-11, VARZEA ALEGRE ,1,8,0
2020-04-11, IPU ,0,4,0
2020-04-11, JIJOCA DE JERICOACOARA ,0,10,0
2020-04-11, ARARIPE ,0,2,0
2020-04-11, APUIARES ,0,4,0
2020-04-11, ARNEIROZ ,0,5,0
2020-04-11, BELA CRUZ ,0,5,0
2020-04-11, EUSEBIO ,4,101,2
2020-04-11, JARDIM ,0,4,0
2020-04-11, AQUIRAZ ,29,69,0
2020-04-11, CHORÓ ,0,1,0
2020-04-11, SAO GONCALO DO AMARANTE ,0,18,0
2020-04-11, ITATIRA ,0,8,0
2020-04-11, PARAIPABA ,0,6,0
2020-04-11, INDEPENDENCIA ,2,3,0
2020-04-11, ARACOIABA ,0,25,0
2020-04-11, MAURITI ,1,6,0
2020-04-11, BARBALHA ,0,39,0
2020-04-11, OCARA ,0,9,0
2020-04-11, SOBRAL ,14,394,0
2020-04-11, QUIXERE ,2,15,0
2020-04-11, PACOTI ,0,9,0
2020-04-11, JAGUARUANA ,0,17,0
2020-04-11, BEBERIBE ,1,25,0
2020-04-11, UBAJARA ,0,5,0
2020-04-11, MONSENHOR TABOSA ,0,2,0
2020-04-11, NOVA OLINDA ,0,4,0
2020-04-11, ALTO SANTO ,0,2,0
2020-04-11, ITAPIPOCA ,1,49,0
2020-04-11, PARAMOTI ,0,7,0
2020-04-11, LIMOEIRO DO NORTE ,3,16,1
2020-04-11, REDENCAO ,0,14,0
2020-04-11, CATUNDA ,0,1,0
2020-04-11, BARROQUINHA ,1,7,0
2020-04-11, NOVO ORIENTE ,2,4,0
2020-04-11, SOLONOPOLE ,0,2,0
2020-04-11, HIDROLANDIA ,0,5,0
2020-04-11, HORIZONTE ,7,55,1
2020-04-11, BARREIRA ,0,9,0
2020-04-11, FORTIM ,1,3,0
2020-04-11, SANTANA DO ACARAU ,1,31,0
2020-04-11, GUARAMIRANGA ,0,4,0
2020-04-11, CHOROZINHO ,0,6,0
2020-04-11, SANTANA DO CARIRI ,0,1,0
2020-04-11, BANABUIU ,0,6,0
2020-04-11, FORQUILHA ,1,16,0
2020-04-11, PARACURU ,0,3,0
2020-04-11, ICO ,3,17,0
2020-04-11, MARTINOPOLE ,0,3,0
2020-04-11, UMIRIM ,0,2,0
2020-04-11, PACAJUS ,0,53,0
2020-04-11, ALCANTARAS ,0,10,0
2020-04-11, IGUATU ,7,33,3
2020-04-11, PENTECOSTE ,0,8,0
2020-04-11, AURORA ,0,5,0
2020-04-11, VICOSA DO CEARA ,0,11,0
2020-04-11, ASSARE ,0,3,0
2020-04-11, TAUA ,0,58,0
2020-04-11, PEREIRO ,0,4,0
2020-04-11, BREJO SANTO ,0,11,0
2020-04-11, JUCAS ,0,5,0
2020-04-11, GRACA ,0,2,0
2020-04-11, CATARINA ,1,3,0
2020-04-11, CRATO ,1,53,0
2020-04-11, MADALENA ,0,10,0
2020-04-11, IBARETAMA ,0,7,0
2020-04-11, CARIRE ,0,8,0
2020-04-11, QUIXELO ,0,7,0
2020-04-11, RERIUTABA ,0,3,0
2020-04-11, FORTALEZA ,1457,6226,58
2020-04-11, NOVA RUSSAS ,0,3,0
2020-04-11, PORANGA ,0,3,0
2020-04-11, BAIXIO ,0,2,0
2020-04-11, OROS ,0,1,0
2020-04-11, CAMPOS SALES ,0,6,0
2020-04-11, MERUOCA ,0,11,0
2020-04-11, IPAPORANGA ,1,6,0
2020-04-11, MORAUJO ,0,9,0
2020-04-11, ARACATI ,2,51,1
2020-04-11, SAO JOAO DO JAGUARIBE ,0,2,0
2020-04-11, PALHANO ,0,1,0
2020-04-11, GUAIÚBA ,0,6,0
2020-04-11, SAO BENEDITO ,0,7,0
2020-04-11, URUBURETAMA ,0,7,0
2020-04-11, IBIAPINA ,0,8,0
2020-04-11, BATURITÉ ,0,12,0
2020-04-11, AIUABA ,0,1,0
2020-04-11, TURURU ,0,6,0
2020-04-07, FORTALEZA ,1133,5211,44
2020-04-07, AQUIRAZ ,28,68,0
2020-04-07, MARACANAU ,17,109,1
2020-04-07, CAUCAIA ,16,194,1
2020-04-07, Sem informação ,14,49,0
2020-04-07, SOBRAL ,14,370,0
2020-04-07, HORIZONTE ,6,46,1
2020-04-07, QUIXADA ,4,29,0
2020-04-07, JAGUARIBE ,3,18,1
2020-04-07, JUAZEIRO DO NORTE ,3,70,0
2020-04-07, EUSEBIO ,3,90,2
2020-04-07, ICO ,3,16,0
2020-04-07, ITAITINGA ,2,33,1
2020-04-07, SANTA QUITERIA ,2,16,1
2020-04-07, MARANGUAPE ,2,66,0
2020-04-07, CARIUS ,2,6,1
2020-04-07, PACATUBA ,2,30,0
2020-04-07, NOVO ORIENTE ,2,4,0
2020-04-07, IGUATU ,2,29,1
2020-04-07, ARACATI ,2,42,1
2020-04-07, ITAPAJE ,1,1,0
2020-04-07, GUARACIABA DO NORTE ,1,9,0
2020-04-07, CANINDE ,1,87,0
2020-04-07, FARIAS BRITO ,1,4,1
2020-04-07, PEDRA BRANCA ,1,3,0
2020-04-07, CRATEUS ,1,48,0
2020-04-07, TIANGUA ,1,18,1
2020-04-07, QUIXERAMOBIM ,1,14,0
2020-04-07, SENADOR POMPEU ,1,6,0
2020-04-07, LAVRAS DA MANGABEIRA ,1,6,0
2020-04-07, AMONTADA ,1,14,0
2020-04-07, CASCAVEL ,1,31,0
2020-04-07, PINDORETAMA ,1,32,0
2020-04-07, IPUEIRAS ,1,10,0
2020-04-07, CROATA ,1,1,0
2020-04-07, MAURITI ,1,5,0
2020-04-07, BEBERIBE ,1,25,0
2020-04-07, ITAPIPOCA ,1,46,0
2020-04-07, LIMOEIRO DO NORTE ,1,17,0
2020-04-07, FORTIM ,1,3,0
2020-04-07, SANTANA DO ACARAU ,1,27,0
2020-04-07, CATARINA ,1,3,0
2020-04-07, IPAPORANGA ,1,5,0
2020-04-07, CAMOCIM ,0,14,0
2020-04-07, IPAUMIRIM ,0,1,0
2020-04-07, ABAIARA ,0,2,0
2020-04-07, ITAICABA ,0,2,0
2020-04-07, MULUNGU ,0,14,0
2020-04-07, CARIDADE ,0,8,0
2020-04-07, SALITRE ,0,1,0
2020-04-07, SAO LUÍS DO CURU ,0,6,0
2020-04-07, MORADA NOVA ,0,14,0
2020-04-07, CARNAUBAL ,0,3,0
2020-04-07, CEDRO ,0,5,0
2020-04-07, ITAREMA ,0,12,0
2020-04-07, ANTONINA DO NORTE ,0,1,0
2020-04-07, CRUZ ,0,9,0
2020-04-07, TARRAFAS ,0,3,0
2020-04-07, ACARAPE ,0,6,0
2020-04-07, ALTANEIRA ,0,2,0
2020-04-07, COREAU ,0,12,0
2020-04-07, MARCO ,0,7,0
2020-04-07, CAPISTRANO ,0,3,0
2020-04-07, ERERE ,0,2,0
2020-04-07, POTENGI ,0,2,0
2020-04-07, TEJUCUOCA ,0,4,0
2020-04-07, MILHA ,0,1,0
2020-04-07, RUSSAS ,0,41,0
2020-04-07, SABOEIRO ,0,1,0
2020-04-07, MIRAIMA ,0,1,0
2020-04-07, ACARAU ,0,33,0
2020-04-07, PALMACIA ,0,1,0
2020-04-07, IRAUCUBA ,0,8,0
2020-04-07, URUOCA ,0,15,0
2020-04-07, BARRO ,0,4,0
2020-04-07, PIQUET CARNEIRO ,0,1,0
2020-04-07, TABULEIRO DO NORTE ,0,8,0
2020-04-07, UMARI ,0,2,0
2020-04-07, GROAIRAS ,0,4,0
2020-04-07, CHAVAL ,0,1,0
2020-04-07, PIRES FERREIRA ,0,4,0
2020-04-07, MORRINHOS ,0,5,0
2020-04-07, IBICUITINGA ,0,3,0
2020-04-07, ICAPUI ,0,14,0
2020-04-07, TAMBORIL ,0,7,0
2020-04-07, MISSAO VELHA ,0,4,0
2020-04-07, MOMBACA ,0,5,0
2020-04-07, MUCAMBO ,0,32,0
2020-04-07, PARAMBU ,0,5,0
2020-04-07, ACOPIARA ,0,12,0
2020-04-07, POTIRETAMA ,0,1,0
2020-04-07, CARIRIACU ,0,6,0
2020-04-07, ARATUBA ,0,3,0
2020-04-07, TRAIRI ,0,7,0
2020-04-07, VARJOTA ,0,3,0
2020-04-07, GRANJA ,0,9,0
2020-04-07, SENADOR SA ,0,1,0
2020-04-07, JAGUARIBARA ,0,6,0
2020-04-07, BOA VIAGEM ,0,11,0
2020-04-07, PACUJA ,0,6,0
2020-04-07, ARARENDA ,0,4,0
2020-04-07, JAGUARETAMA ,0,5,0
2020-04-07, MILAGRES ,0,5,0
2020-04-07, PENAFORTE ,0,2,0
2020-04-07, MASSAPE ,0,39,0
2020-04-07, QUITERIANOPOLIS ,0,9,0
2020-04-07, ITAPIUNA ,0,3,0
2020-04-07, FRECHEIRINHA ,0,6,0
2020-04-07, VARZEA ALEGRE ,0,8,0
2020-04-07, IPU ,0,4,0
2020-04-07, JIJOCA DE JERICOACOARA ,0,9,0
2020-04-07, ARARIPE ,0,2,0
2020-04-07, APUIARES ,0,4,0
2020-04-07, ARNEIROZ ,0,2,0
2020-04-07, BELA CRUZ ,0,4,0
2020-04-07, JARDIM ,0,4,0
2020-04-07, CHORÓ ,0,1,0
2020-04-07, SAO GONCALO DO AMARANTE ,0,17,0
2020-04-07, ITATIRA ,0,7,0
2020-04-07, PARAIPABA ,0,7,0
2020-04-07, INDEPENDENCIA ,0,4,0
2020-04-07, ARACOIABA ,0,23,0
2020-04-07, BARBALHA ,0,38,0
2020-04-07, OCARA ,0,7,0
2020-04-07, QUIXERE ,0,14,0
2020-04-07, PACOTI ,0,8,0
2020-04-07, JAGUARUANA ,0,13,0
2020-04-07, UBAJARA ,0,5,0
2020-04-07, MONSENHOR TABOSA ,0,2,0
2020-04-07, NOVA OLINDA ,0,2,0
2020-04-07, ALTO SANTO ,0,1,0
2020-04-07, PARAMOTI ,0,5,0
2020-04-07, REDENCAO ,0,13,0
2020-04-07, CATUNDA ,0,1,0
2020-04-07, BARROQUINHA ,0,7,0
2020-04-07, SOLONOPOLE ,0,2,0
2020-04-07, HIDROLANDIA ,0,5,0
2020-04-07, BARREIRA ,0,8,0
2020-04-07, GUARAMIRANGA ,0,4,0
2020-04-07, CHOROZINHO ,0,5,0
2020-04-07, SANTANA DO CARIRI ,0,1,0
2020-04-07, BANABUIU ,0,4,0
2020-04-07, FORQUILHA ,0,15,0
2020-04-07, PARACURU ,0,3,0
2020-04-07, MARTINOPOLE ,0,3,0
2020-04-07, UMIRIM ,0,1,0
2020-04-07, PACAJUS ,0,51,0
2020-04-07, ALCANTARAS ,0,4,0
2020-04-07, PENTECOSTE ,0,6,0
2020-04-07, AURORA ,0,5,0
2020-04-07, VICOSA DO CEARA ,0,10,0
2020-04-07, ASSARE ,0,3,0
2020-04-07, TAUA ,0,49,0
2020-04-07, PEREIRO ,0,4,0
2020-04-07, BREJO SANTO ,0,11,0
2020-04-07, JUCAS ,0,5,0
2020-04-07, GRACA ,0,2,0
2020-04-07, CRATO ,0,46,0
2020-04-07, MADALENA ,0,9,0
2020-04-07, IBARETAMA ,0,7,0
2020-04-07, CARIRE ,0,8,0
2020-04-07, QUIXELO ,0,7,0
2020-04-07, RERIUTABA ,0,3,0
2020-04-07, NOVA RUSSAS ,0,1,0
2020-04-07, PORANGA ,0,2,0
2020-04-07, BAIXIO ,0,2,0
2020-04-07, CAMPOS SALES ,0,4,0
2020-04-07, MERUOCA ,0,11,0
2020-04-07, MORAUJO ,0,9,0
2020-04-07, SAO JOAO DO JAGUARIBE ,0,2,0
2020-04-07, PALHANO ,0,1,0
2020-04-07, GUAIÚBA ,0,6,0
2020-04-07, SAO BENEDITO ,0,6,0
2020-04-07, URUBURETAMA ,0,6,0
2020-04-07, IBIAPINA ,0,8,0
2020-04-07, BATURITÉ ,0,9,0
2020-04-07, TURURU ,0,6,0
2020-04-02, Sem informação ,1,49,0
2020-04-02, CAMOCIM ,0,14,0
2020-04-02, ABAIARA ,0,1,0
2020-04-02, ITAICABA ,0,2,0
2020-04-02, MULUNGU ,0,14,0
2020-04-02, CAUCAIA ,5,158,0
2020-04-02, CARIDADE ,0,5,0
2020-04-02, SALITRE ,0,1,0
2020-04-02, SAO LUÍS DO CURU ,0,6,0
2020-04-02, MORADA NOVA ,0,14,0
2020-04-02, CARNAUBAL ,0,2,0
2020-04-02, CEDRO ,0,4,0
2020-04-02, ITAREMA ,0,10,0
2020-04-02, QUIXADA ,2,21,0
2020-04-02, ITAPAJE ,1,1,0
2020-04-02, ANTONINA DO NORTE ,0,1,0
2020-04-02, ITAITINGA ,1,22,0
2020-04-02, CRUZ ,0,7,0
2020-04-02, TARRAFAS ,0,2,0
2020-04-02, SANTA QUITERIA ,1,16,1
2020-04-02, ACARAPE ,0,4,0
2020-04-02, ALTANEIRA ,0,2,0
2020-04-02, GUARACIABA DO NORTE ,0,6,0
2020-04-02, CANINDE ,1,60,0
2020-04-02, COREAU ,0,6,0
2020-04-02, MARCO ,0,6,0
2020-04-02, CAPISTRANO ,0,3,0
2020-04-02, ERERE ,0,1,0
2020-04-02, POTENGI ,0,2,0
2020-04-02, FARIAS BRITO ,0,3,1
2020-04-02, TEJUCUOCA ,0,4,0
2020-04-02, MARANGUAPE ,1,53,0
2020-04-02, MILHA ,0,1,0
2020-04-02, JAGUARIBE ,1,12,1
2020-04-02, CARIUS ,1,4,0
2020-04-02, RUSSAS ,0,28,0
2020-04-02, PEDRA BRANCA ,0,3,0
2020-04-02, SABOEIRO ,0,1,0
2020-04-02, CRATEUS ,0,35,0
2020-04-02, MIRAIMA ,0,1,0
2020-04-02, ACARAU ,0,24,0
2020-04-02, PALMACIA ,0,1,0
2020-04-02, TIANGUA ,1,14,1
2020-04-02, IRAUCUBA ,0,7,0
2020-04-02, URUOCA ,0,14,0
2020-04-02, JUAZEIRO DO NORTE ,1,52,0
2020-04-02, BARRO ,0,4,0
2020-04-02, PIQUET CARNEIRO ,0,1,0
2020-04-02, TABULEIRO DO NORTE ,0,7,0
2020-04-02, UMARI ,0,1,0
2020-04-02, GROAIRAS ,0,3,0
2020-04-02, CHAVAL ,0,1,0
2020-04-02, PIRES FERREIRA ,0,4,0
2020-04-02, QUIXERAMOBIM ,0,7,0
2020-04-02, MORRINHOS ,0,5,0
2020-04-02, SENADOR POMPEU ,0,4,0
2020-04-02, IBICUITINGA ,0,2,0
2020-04-02, ICAPUI ,0,11,0
2020-04-02, TAMBORIL ,0,4,0
2020-04-02, MISSAO VELHA ,0,4,0
2020-04-02, MOMBACA ,0,5,0
2020-04-02, MUCAMBO ,0,32,0
2020-04-02, PARAMBU ,0,3,0
2020-04-02, ACOPIARA ,0,10,0
2020-04-02, CARIRIACU ,0,4,0
2020-04-02, ARATUBA ,0,2,0
2020-04-02, TRAIRI ,0,6,0
2020-04-02, MARACANAU ,12,82,1
2020-04-02, VARJOTA ,0,3,0
2020-04-02, LAVRAS DA MANGABEIRA ,0,5,0
2020-04-02, AMONTADA ,0,14,0
2020-04-02, CASCAVEL ,0,24,0
2020-04-02, PINDORETAMA ,0,27,0
2020-04-02, GRANJA ,0,8,0
2020-04-02, SENADOR SA ,0,1,0
2020-04-02, IPUEIRAS ,0,7,0
2020-04-02, JAGUARIBARA ,0,4,0
2020-04-02, BOA VIAGEM ,0,9,0
2020-04-02, PACUJA ,0,4,0
2020-04-02, ARARENDA ,0,1,0
2020-04-02, PACATUBA ,1,22,0
2020-04-02, JAGUARETAMA ,0,5,0
2020-04-02, MILAGRES ,0,3,0
2020-04-02, CROATA ,0,1,0
2020-04-02, PENAFORTE ,0,2,0
2020-04-02, MASSAPE ,0,32,0
2020-04-02, QUITERIANOPOLIS ,0,6,0
2020-04-02, ITAPIUNA ,0,2,0
2020-04-02, FRECHEIRINHA ,0,5,0
2020-04-02, VARZEA ALEGRE ,0,2,0
2020-04-02, IPU ,0,4,0
2020-04-02, JIJOCA DE JERICOACOARA ,0,5,0
2020-04-02, APUIARES ,0,3,0
2020-04-02, ARNEIROZ ,0,1,0
2020-04-02, BELA CRUZ ,0,3,0
2020-04-02, EUSEBIO ,0,62,1
2020-04-02, JARDIM ,0,3,0
2020-04-02, AQUIRAZ ,17,52,0
2020-04-02, CHORÓ ,0,1,0
2020-04-02, SAO GONCALO DO AMARANTE ,0,11,0
2020-04-02, ITATIRA ,0,5,0
2020-04-02, PARAIPABA ,0,6,0
2020-04-02, INDEPENDENCIA ,0,1,0
2020-04-02, ARACOIABA ,0,16,0
2020-04-02, MAURITI ,1,4,0
2020-04-02, BARBALHA ,0,33,0
2020-04-02, OCARA ,0,4,0
2020-04-02, SOBRAL ,5,337,0
2020-04-02, QUIXERE ,0,12,0
2020-04-02, PACOTI ,0,7,0
2020-04-02, JAGUARUANA ,0,12,0
2020-04-02, BEBERIBE ,1,22,0
2020-04-02, UBAJARA ,0,4,0
2020-04-02, MONSENHOR TABOSA ,0,2,0
2020-04-02, NOVA OLINDA ,0,2,0
2020-04-02, ALTO SANTO ,0,1,0
2020-04-02, ITAPIPOCA ,1,40,0
2020-04-02, PARAMOTI ,0,5,0
2020-04-02, LIMOEIRO DO NORTE ,0,10,0
2020-04-02, REDENCAO ,0,8,0
2020-04-02, CATUNDA ,0,1,0
2020-04-02, BARROQUINHA ,0,7,0
2020-04-02, NOVO ORIENTE ,0,1,0
2020-04-02, SOLONOPOLE ,0,2,0
2020-04-02, HIDROLANDIA ,0,4,0
2020-04-02, HORIZONTE ,0,26,0
2020-04-02, BARREIRA ,0,6,0
2020-04-02, FORTIM ,1,3,0
2020-04-02, SANTANA DO ACARAU ,0,24,0
2020-04-02, GUARAMIRANGA ,0,3,0
2020-04-02, CHOROZINHO ,0,3,0
2020-04-02, SANTANA DO CARIRI ,0,1,0
2020-04-02, BANABUIU ,0,4,0
2020-04-02, FORQUILHA ,0,10,0
2020-04-02, PARACURU ,0,3,0
2020-04-02, ICO ,2,14,0
2020-04-02, MARTINOPOLE ,0,1,0
2020-04-02, UMIRIM ,0,1,0
2020-04-02, PACAJUS ,0,41,0
2020-04-02, ALCANTARAS ,0,1,0
2020-04-02, IGUATU ,0,20,0
2020-04-02, PENTECOSTE ,0,4,0
2020-04-02, AURORA ,0,4,0
2020-04-02, VICOSA DO CEARA ,0,5,0
2020-04-02, ASSARE ,0,2,0
2020-04-02, TAUA ,0,29,0
2020-04-02, PEREIRO ,0,2,0
2020-04-02, BREJO SANTO ,0,11,0
2020-04-02, JUCAS ,0,4,0
2020-04-02, GRACA ,0,1,0
2020-04-02, CATARINA ,0,2,0
2020-04-02, CRATO ,0,38,0
2020-04-02, MADALENA ,0,8,0
2020-04-02, IBARETAMA ,0,5,0
2020-04-02, CARIRE ,0,8,0
2020-04-02, QUIXELO ,0,5,0
2020-04-02, RERIUTABA ,0,2,0
2020-04-02, FORTALEZA ,602,3734,21
2020-04-02, NOVA RUSSAS ,0,1,0
2020-04-02, PORANGA ,0,2,0
2020-04-02, BAIXIO ,0,2,0
2020-04-02, CAMPOS SALES ,0,3,0
2020-04-02, MERUOCA ,0,11,0
2020-04-02, IPAPORANGA ,0,3,0
2020-04-02, MORAUJO ,0,7,0
2020-04-02, ARACATI ,0,32,0
2020-04-02, SAO JOAO DO JAGUARIBE ,0,1,0
2020-04-02, PALHANO ,0,1,0
2020-04-02, GUAIÚBA ,0,6,0
2020-04-02, SAO BENEDITO ,0,6,0
2020-04-02, URUBURETAMA ,0,6,0
2020-04-02, IBIAPINA ,0,8,0
2020-04-02, BATURITÉ ,0,6,0
2020-04-02, TURURU ,0,6,0
2020-04-08, FORTALEZA ,1243,5686,48
2020-04-08, AQUIRAZ ,28,72,0
2020-04-08, CAUCAIA ,18,226,1
2020-04-08, MARACANAU ,18,120,1
2020-04-08, Sem informação ,16,49,0
2020-04-08, SOBRAL ,14,380,0
2020-04-08, QUIXADA ,6,33,0
2020-04-08, HORIZONTE ,6,49,1
2020-04-08, IGUATU ,5,30,1
2020-04-08, ITAITINGA ,3,36,1
2020-04-08, JAGUARIBE ,3,20,1
2020-04-08, JUAZEIRO DO NORTE ,3,71,0
2020-04-08, EUSEBIO ,3,96,2
2020-04-08, ICO ,3,17,0
2020-04-08, SANTA QUITERIA ,2,17,1
2020-04-08, MARANGUAPE ,2,70,0
2020-04-08, CARIUS ,2,7,1
2020-04-08, IPUEIRAS ,2,11,0
2020-04-08, PACATUBA ,2,31,0
2020-04-08, NOVO ORIENTE ,2,5,0
2020-04-08, ARACATI ,2,48,1
2020-04-08, ITAICABA ,1,2,0
2020-04-08, ITAPAJE ,1,2,0
2020-04-08, GUARACIABA DO NORTE ,1,9,0
2020-04-08, CANINDE ,1,89,0
2020-04-08, FARIAS BRITO ,1,4,1
2020-04-08, PEDRA BRANCA ,1,3,0
2020-04-08, CRATEUS ,1,54,0
2020-04-08, TIANGUA ,1,19,1
2020-04-08, QUIXERAMOBIM ,1,17,0
2020-04-08, SENADOR POMPEU ,1,6,0
2020-04-08, ICAPUI ,1,16,0
2020-04-08, MOMBACA ,1,5,0
2020-04-08, LAVRAS DA MANGABEIRA ,1,6,0
2020-04-08, AMONTADA ,1,15,0
2020-04-08, CASCAVEL ,1,33,0
2020-04-08, PINDORETAMA ,1,32,0
2020-04-08, CROATA ,1,1,0
2020-04-08, MAURITI ,1,5,0
2020-04-08, BEBERIBE ,1,25,0
2020-04-08, ITAPIPOCA ,1,48,0
2020-04-08, LIMOEIRO DO NORTE ,1,18,0
2020-04-08, FORTIM ,1,3,0
2020-04-08, SANTANA DO ACARAU ,1,29,0
2020-04-08, CATARINA ,1,3,0
2020-04-08, IPAPORANGA ,1,6,0
2020-04-08, CAMOCIM ,0,14,0
2020-04-08, IPAUMIRIM ,0,1,0
2020-04-08, ABAIARA ,0,2,0
2020-04-08, MULUNGU ,0,15,0
2020-04-08, CARIDADE ,0,8,0
2020-04-08, SALITRE ,0,1,0
2020-04-08, SAO LUÍS DO CURU ,0,6,0
2020-04-08, MORADA NOVA ,0,15,0
2020-04-08, CARNAUBAL ,0,3,0
2020-04-08, CEDRO ,0,6,0
2020-04-08, ITAREMA ,0,14,0
2020-04-08, ANTONINA DO NORTE ,0,1,0
2020-04-08, CRUZ ,0,9,0
2020-04-08, TARRAFAS ,0,3,0
2020-04-08, ACARAPE ,0,6,0
2020-04-08, ALTANEIRA ,0,2,0
2020-04-08, COREAU ,0,13,0
2020-04-08, MARCO ,0,7,0
2020-04-08, CAPISTRANO ,0,3,0
2020-04-08, ERERE ,0,2,0
2020-04-08, POTENGI ,0,2,0
2020-04-08, TEJUCUOCA ,0,4,0
2020-04-08, MILHA ,0,1,0
2020-04-08, RUSSAS ,0,43,0
2020-04-08, SABOEIRO ,0,2,0
2020-04-08, MIRAIMA ,0,1,0
2020-04-08, ACARAU ,0,33,0
2020-04-08, PALMACIA ,0,1,0
2020-04-08, IRAUCUBA ,0,11,0
2020-04-08, URUOCA ,0,15,0
2020-04-08, BARRO ,0,4,0
2020-04-08, PIQUET CARNEIRO ,0,2,0
2020-04-08, TABULEIRO DO NORTE ,0,8,0
2020-04-08, UMARI ,0,2,0
2020-04-08, GROAIRAS ,0,4,0
2020-04-08, CHAVAL ,0,1,0
2020-04-08, PIRES FERREIRA ,0,4,0
2020-04-08, MORRINHOS ,0,5,0
2020-04-08, IBICUITINGA ,0,3,0
2020-04-08, TAMBORIL ,0,8,0
2020-04-08, MISSAO VELHA ,0,4,0
2020-04-08, MUCAMBO ,0,32,0
2020-04-08, PARAMBU ,0,5,0
2020-04-08, ACOPIARA ,0,12,0
2020-04-08, POTIRETAMA ,0,1,0
2020-04-08, CARIRIACU ,0,6,0
2020-04-08, ARATUBA ,0,3,0
2020-04-08, TRAIRI ,0,8,0
2020-04-08, VARJOTA ,0,4,0
2020-04-08, GRANJA ,0,9,0
2020-04-08, SENADOR SA ,0,1,0
2020-04-08, JAGUARIBARA ,0,6,0
2020-04-08, BOA VIAGEM ,0,13,0
2020-04-08, PACUJA ,0,6,0
2020-04-08, ARARENDA ,0,4,0
2020-04-08, JAGUARETAMA ,0,5,0
2020-04-08, MILAGRES ,0,5,0
2020-04-08, PENAFORTE ,0,2,0
2020-04-08, MASSAPE ,0,45,0
2020-04-08, QUITERIANOPOLIS ,0,9,0
2020-04-08, ITAPIUNA ,0,4,0
2020-04-08, FRECHEIRINHA ,0,7,0
2020-04-08, VARZEA ALEGRE ,0,8,0
2020-04-08, IPU ,0,4,0
2020-04-08, JIJOCA DE JERICOACOARA ,0,9,0
2020-04-08, ARARIPE ,0,2,0
2020-04-08, APUIARES ,0,4,0
2020-04-08, ARNEIROZ ,0,4,0
2020-04-08, BELA CRUZ ,0,5,0
2020-04-08, JARDIM ,0,4,0
2020-04-08, CHORÓ ,0,1,0
2020-04-08, SAO GONCALO DO AMARANTE ,0,18,0
2020-04-08, ITATIRA ,0,8,0
2020-04-08, PARAIPABA ,0,7,0
2020-04-08, INDEPENDENCIA ,0,4,0
2020-04-08, ARACOIABA ,0,25,0
2020-04-08, BARBALHA ,0,39,0
2020-04-08, OCARA ,0,9,0
2020-04-08, QUIXERE ,0,15,0
2020-04-08, PACOTI ,0,9,0
2020-04-08, JAGUARUANA ,0,16,0
2020-04-08, UBAJARA ,0,5,0
2020-04-08, MONSENHOR TABOSA ,0,2,0
2020-04-08, NOVA OLINDA ,0,3,0
2020-04-08, ALTO SANTO ,0,1,0
2020-04-08, PARAMOTI ,0,7,0
2020-04-08, REDENCAO ,0,14,0
2020-04-08, CATUNDA ,0,1,0
2020-04-08, BARROQUINHA ,0,7,0
2020-04-08, SOLONOPOLE ,0,2,0
2020-04-08, HIDROLANDIA ,0,5,0
2020-04-08, BARREIRA ,0,9,0
2020-04-08, GUARAMIRANGA ,0,4,0
2020-04-08, CHOROZINHO ,0,5,0
2020-04-08, SANTANA DO CARIRI ,0,1,0
2020-04-08, BANABUIU ,0,4,0
2020-04-08, FORQUILHA ,0,15,0
2020-04-08, PARACURU ,0,3,0
2020-04-08, MARTINOPOLE ,0,3,0
2020-04-08, UMIRIM ,0,1,0
2020-04-08, PACAJUS ,0,54,0
2020-04-08, ALCANTARAS ,0,5,0
2020-04-08, PENTECOSTE ,0,8,0
2020-04-08, AURORA ,0,5,0
2020-04-08, VICOSA DO CEARA ,0,10,0
2020-04-08, ASSARE ,0,3,0
2020-04-08, TAUA ,0,50,0
2020-04-08, PEREIRO ,0,4,0
2020-04-08, BREJO SANTO ,0,11,0
2020-04-08, JUCAS ,0,5,0
2020-04-08, GRACA ,0,2,0
2020-04-08, CRATO ,0,50,0
2020-04-08, MADALENA ,0,9,0
2020-04-08, IBARETAMA ,0,7,0
2020-04-08, CARIRE ,0,8,0
2020-04-08, QUIXELO ,0,7,0
2020-04-08, RERIUTABA ,0,3,0
2020-04-08, NOVA RUSSAS ,0,1,0
2020-04-08, PORANGA ,0,2,0
2020-04-08, BAIXIO ,0,2,0
2020-04-08, CAMPOS SALES ,0,4,0
2020-04-08, MERUOCA ,0,11,0
2020-04-08, MORAUJO ,0,9,0
2020-04-08, SAO JOAO DO JAGUARIBE ,0,2,0
2020-04-08, PALHANO ,0,1,0
2020-04-08, GUAIÚBA ,0,6,0
2020-04-08, SAO BENEDITO ,0,7,0
2020-04-08, URUBURETAMA ,0,6,0
2020-04-08, IBIAPINA ,0,8,0
2020-04-08, BATURITÉ ,0,9,0
2020-04-08, AIUABA ,0,1,0
2020-04-08, TURURU ,0,6,0
2020-04-06, FORTALEZA ,999,4803,43
2020-04-06, AQUIRAZ ,20,60,0
2020-04-06, MARACANAU ,17,101,1
2020-04-06, CAUCAIA ,15,182,0
2020-04-06, SOBRAL ,11,359,0
2020-04-06, Sem informação ,9,49,0
2020-04-06, HORIZONTE ,6,43,1
2020-04-06, QUIXADA ,4,29,0
2020-04-06, JAGUARIBE ,3,17,1
2020-04-06, JUAZEIRO DO NORTE ,3,69,0
2020-04-06, ICO ,3,15,0
2020-04-06, ITAITINGA ,2,26,1
2020-04-06, MARANGUAPE ,2,61,0
2020-04-06, PACATUBA ,2,29,0
2020-04-06, EUSEBIO ,2,83,1
2020-04-06, NOVO ORIENTE ,2,2,0
2020-04-06, IGUATU ,2,26,1
2020-04-06, ITAPAJE ,1,1,0
2020-04-06, SANTA QUITERIA ,1,16,1
2020-04-06, GUARACIABA DO NORTE ,1,7,0
2020-04-06, CANINDE ,1,84,0
2020-04-06, FARIAS BRITO ,1,4,1
2020-04-06, CARIUS ,1,6,1
2020-04-06, PEDRA BRANCA ,1,3,0
2020-04-06, CRATEUS ,1,44,0
2020-04-06, TIANGUA ,1,17,1
2020-04-06, QUIXERAMOBIM ,1,12,0
2020-04-06, SENADOR POMPEU ,1,6,0
2020-04-06, LAVRAS DA MANGABEIRA ,1,6,0
2020-04-06, AMONTADA ,1,14,0
2020-04-06, CASCAVEL ,1,30,0
2020-04-06, PINDORETAMA ,1,28,0
2020-04-06, IPUEIRAS ,1,9,0
2020-04-06, CROATA ,1,1,0
2020-04-06, MAURITI ,1,5,0
2020-04-06, BEBERIBE ,1,24,0
2020-04-06, ITAPIPOCA ,1,45,0
2020-04-06, LIMOEIRO DO NORTE ,1,16,0
2020-04-06, FORTIM ,1,3,0
2020-04-06, SANTANA DO ACARAU ,1,25,0
2020-04-06, CATARINA ,1,3,0
2020-04-06, IPAPORANGA ,1,5,0
2020-04-06, ARACATI ,1,37,1
2020-04-06, CAMOCIM ,0,14,0
2020-04-06, IPAUMIRIM ,0,1,0
2020-04-06, ABAIARA ,0,1,0
2020-04-06, ITAICABA ,0,2,0
2020-04-06, MULUNGU ,0,14,0
2020-04-06, CARIDADE ,0,6,0
2020-04-06, SALITRE ,0,1,0
2020-04-06, SAO LUÍS DO CURU ,0,6,0
2020-04-06, MORADA NOVA ,0,14,0
2020-04-06, CARNAUBAL ,0,2,0
2020-04-06, CEDRO ,0,4,0
2020-04-06, ITAREMA ,0,10,0
2020-04-06, ANTONINA DO NORTE ,0,1,0
2020-04-06, CRUZ ,0,9,0
2020-04-06, TARRAFAS ,0,2,0
2020-04-06, ACARAPE ,0,4,0
2020-04-06, ALTANEIRA ,0,2,0
2020-04-06, COREAU ,0,10,0
2020-04-06, MARCO ,0,7,0
2020-04-06, CAPISTRANO ,0,3,0
2020-04-06, ERERE ,0,2,0
2020-04-06, POTENGI ,0,2,0
2020-04-06, TEJUCUOCA ,0,4,0
2020-04-06, MILHA ,0,1,0
2020-04-06, RUSSAS ,0,35,0
2020-04-06, SABOEIRO ,0,1,0
2020-04-06, MIRAIMA ,0,1,0
2020-04-06, ACARAU ,0,32,0
2020-04-06, PALMACIA ,0,1,0
2020-04-06, IRAUCUBA ,0,7,0
2020-04-06, URUOCA ,0,15,0
2020-04-06, BARRO ,0,4,0
2020-04-06, PIQUET CARNEIRO ,0,1,0
2020-04-06, TABULEIRO DO NORTE ,0,7,0
2020-04-06, UMARI ,0,2,0
2020-04-06, GROAIRAS ,0,4,0
2020-04-06, CHAVAL ,0,1,0
2020-04-06, PIRES FERREIRA ,0,4,0
2020-04-06, MORRINHOS ,0,5,0
2020-04-06, IBICUITINGA ,0,2,0
2020-04-06, ICAPUI ,0,13,0
2020-04-06, TAMBORIL ,0,5,0
2020-04-06, MISSAO VELHA ,0,4,0
2020-04-06, MOMBACA ,0,5,0
2020-04-06, MUCAMBO ,0,32,0
2020-04-06, PARAMBU ,0,4,0
2020-04-06, ACOPIARA ,0,11,0
2020-04-06, CARIRIACU ,0,6,0
2020-04-06, ARATUBA ,0,3,0
2020-04-06, TRAIRI ,0,7,0
2020-04-06, VARJOTA ,0,3,0
2020-04-06, GRANJA ,0,9,0
2020-04-06, SENADOR SA ,0,1,0
2020-04-06, JAGUARIBARA ,0,6,0
2020-04-06, BOA VIAGEM ,0,11,0
2020-04-06, PACUJA ,0,5,0
2020-04-06, ARARENDA ,0,4,0
2020-04-06, JAGUARETAMA ,0,5,0
2020-04-06, MILAGRES ,0,3,0
2020-04-06, PENAFORTE ,0,2,0
2020-04-06, MASSAPE ,0,37,0
2020-04-06, QUITERIANOPOLIS ,0,8,0
2020-04-06, ITAPIUNA ,0,3,0
2020-04-06, FRECHEIRINHA ,0,6,0
2020-04-06, VARZEA ALEGRE ,0,5,0
2020-04-06, IPU ,0,4,0
2020-04-06, JIJOCA DE JERICOACOARA ,0,7,0
2020-04-06, ARARIPE ,0,2,0
2020-04-06, APUIARES ,0,4,0
2020-04-06, ARNEIROZ ,0,2,0
2020-04-06, BELA CRUZ ,0,4,0
2020-04-06, JARDIM ,0,4,0
2020-04-06, CHORÓ ,0,1,0
2020-04-06, SAO GONCALO DO AMARANTE ,0,16,0
2020-04-06, ITATIRA ,0,7,0
2020-04-06, PARAIPABA ,0,7,0
2020-04-06, INDEPENDENCIA ,0,3,0
2020-04-06, ARACOIABA ,0,22,0
2020-04-06, BARBALHA ,0,37,0
2020-04-06, OCARA ,0,6,0
2020-04-06, QUIXERE ,0,12,0
2020-04-06, PACOTI ,0,8,0
2020-04-06, JAGUARUANA ,0,12,0
2020-04-06, UBAJARA ,0,5,0
2020-04-06, MONSENHOR TABOSA ,0,2,0
2020-04-06, NOVA OLINDA ,0,2,0
2020-04-06, ALTO SANTO ,0,1,0
2020-04-06, PARAMOTI ,0,5,0
2020-04-06, REDENCAO ,0,11,0
2020-04-06, CATUNDA ,0,1,0
2020-04-06, BARROQUINHA ,0,7,0
2020-04-06, SOLONOPOLE ,0,2,0
2020-04-06, HIDROLANDIA ,0,5,0
2020-04-06, BARREIRA ,0,7,0
2020-04-06, GUARAMIRANGA ,0,4,0
2020-04-06, CHOROZINHO ,0,3,0
2020-04-06, SANTANA DO CARIRI ,0,1,0
2020-04-06, BANABUIU ,0,4,0
2020-04-06, FORQUILHA ,0,13,0
2020-04-06, PARACURU ,0,3,0
2020-04-06, MARTINOPOLE ,0,3,0
2020-04-06, UMIRIM ,0,1,0
2020-04-06, PACAJUS ,0,50,0
2020-04-06, ALCANTARAS ,0,4,0
2020-04-06, PENTECOSTE ,0,6,0
2020-04-06, AURORA ,0,5,0
2020-04-06, VICOSA DO CEARA ,0,9,0
2020-04-06, ASSARE ,0,3,0
2020-04-06, TAUA ,0,48,0
2020-04-06, PEREIRO ,0,4,0
2020-04-06, BREJO SANTO ,0,11,0
2020-04-06, JUCAS ,0,5,0
2020-04-06, GRACA ,0,2,0
2020-04-06, CRATO ,0,43,0
2020-04-06, MADALENA ,0,9,0
2020-04-06, IBARETAMA ,0,7,0
2020-04-06, CARIRE ,0,8,0
2020-04-06, QUIXELO ,0,7,0
2020-04-06, RERIUTABA ,0,2,0
2020-04-06, NOVA RUSSAS ,0,1,0
2020-04-06, PORANGA ,0,2,0
2020-04-06, BAIXIO ,0,2,0
2020-04-06, CAMPOS SALES ,0,4,0
2020-04-06, MERUOCA ,0,11,0
2020-04-06, MORAUJO ,0,9,0
2020-04-06, SAO JOAO DO JAGUARIBE ,0,2,0
2020-04-06, PALHANO ,0,1,0
2020-04-06, GUAIÚBA ,0,6,0
2020-04-06, SAO BENEDITO ,0,6,0
2020-04-06, URUBURETAMA ,0,6,0
2020-04-06, IBIAPINA ,0,8,0
2020-04-06, BATURITÉ ,0,7,0
2020-04-06, TURURU ,0,6,0
2020-04-01, Sem informação ,1,49,0
2020-04-01, CAMOCIM ,0,12,0
2020-04-01, ABAIARA ,0,1,0
2020-04-01, ITAICABA ,0,2,0
2020-04-01, MULUNGU ,0,14,0
2020-04-01, CAUCAIA ,1,150,0
2020-04-01, CARIDADE ,0,5,0
2020-04-01, SAO LUÍS DO CURU ,0,6,0
2020-04-01, MORADA NOVA ,0,14,0
2020-04-01, CARNAUBAL ,0,1,0
2020-04-01, CEDRO ,0,4,0
2020-04-01, ITAREMA ,0,9,0
2020-04-01, QUIXADA ,2,18,0
2020-04-01, ITAPAJE ,0,1,0
2020-04-01, ANTONINA DO NORTE ,0,1,0
2020-04-01, ITAITINGA ,0,19,0
2020-04-01, CRUZ ,0,7,0
2020-04-01, TARRAFAS ,0,2,0
2020-04-01, SANTA QUITERIA ,1,15,1
2020-04-01, ACARAPE ,0,4,0
2020-04-01, ALTANEIRA ,0,2,0
2020-04-01, GUARACIABA DO NORTE ,0,6,0
2020-04-01, CANINDE ,0,53,0
2020-04-01, COREAU ,0,4,0
2020-04-01, MARCO ,0,5,0
2020-04-01, CAPISTRANO ,0,3,0
2020-04-01, ERERE ,0,1,0
2020-04-01, POTENGI ,0,2,0
2020-04-01, FARIAS BRITO ,0,3,1
2020-04-01, TEJUCUOCA ,0,4,0
2020-04-01, MARANGUAPE ,0,53,0
2020-04-01, MILHA ,0,1,0
2020-04-01, JAGUARIBE ,0,9,1
2020-04-01, CARIUS ,0,4,0
2020-04-01, RUSSAS ,0,25,0
2020-04-01, PEDRA BRANCA ,0,3,0
2020-04-01, SABOEIRO ,0,1,0
2020-04-01, CRATEUS ,0,34,0
2020-04-01, MIRAIMA ,0,1,0
2020-04-01, ACARAU ,0,24,0
2020-04-01, PALMACIA ,0,1,0
2020-04-01, TIANGUA ,1,12,1
2020-04-01, IRAUCUBA ,0,7,0
2020-04-01, URUOCA ,0,13,0
2020-04-01, JUAZEIRO DO NORTE ,1,51,0
2020-04-01, BARRO ,0,3,0
2020-04-01, PIQUET CARNEIRO ,0,1,0
2020-04-01, TABULEIRO DO NORTE ,0,7,0
2020-04-01, UMARI ,0,1,0
2020-04-01, GROAIRAS ,0,3,0
2020-04-01, CHAVAL ,0,1,0
2020-04-01, PIRES FERREIRA ,0,4,0
2020-04-01, QUIXERAMOBIM ,0,7,0
2020-04-01, MORRINHOS ,0,5,0
2020-04-01, SENADOR POMPEU ,0,4,0
2020-04-01, IBICUITINGA ,0,2,0
2020-04-01, ICAPUI ,0,10,0
2020-04-01, TAMBORIL ,0,4,0
2020-04-01, MISSAO VELHA ,0,4,0
2020-04-01, MOMBACA ,0,5,0
2020-04-01, MUCAMBO ,0,31,0
2020-04-01, PARAMBU ,0,2,0
2020-04-01, ACOPIARA ,0,10,0
2020-04-01, CARIRIACU ,0,4,0
2020-04-01, ARATUBA ,0,2,0
2020-04-01, TRAIRI ,0,6,0
2020-04-01, MARACANAU ,5,79,0
2020-04-01, VARJOTA ,0,3,0
2020-04-01, LAVRAS DA MANGABEIRA ,0,5,0
2020-04-01, AMONTADA ,0,14,0
2020-04-01, CASCAVEL ,0,23,0
2020-04-01, PINDORETAMA ,0,23,0
2020-04-01, GRANJA ,0,6,0
2020-04-01, SENADOR SA ,0,1,0
2020-04-01, IPUEIRAS ,0,7,0
2020-04-01, JAGUARIBARA ,0,4,0
2020-04-01, BOA VIAGEM ,0,8,0
2020-04-01, PACUJA ,0,4,0
2020-04-01, ARARENDA ,0,1,0
2020-04-01, PACATUBA ,1,18,0
2020-04-01, JAGUARETAMA ,0,5,0
2020-04-01, MILAGRES ,0,3,0
2020-04-01, PENAFORTE ,0,2,0
2020-04-01, MASSAPE ,0,30,0
2020-04-01, QUITERIANOPOLIS ,0,6,0
2020-04-01, ITAPIUNA ,0,2,0
2020-04-01, FRECHEIRINHA ,0,3,0
2020-04-01, VARZEA ALEGRE ,0,2,0
2020-04-01, IPU ,0,4,0
2020-04-01, JIJOCA DE JERICOACOARA ,0,5,0
2020-04-01, APUIARES ,0,3,0
2020-04-01, ARNEIROZ ,0,1,0
2020-04-01, BELA CRUZ ,0,3,0
2020-04-01, EUSEBIO ,0,58,1
2020-04-01, JARDIM ,0,3,0
2020-04-01, AQUIRAZ ,13,39,0
2020-04-01, CHORÓ ,0,1,0
2020-04-01, SAO GONCALO DO AMARANTE ,0,8,0
2020-04-01, ITATIRA ,0,4,0
2020-04-01, PARAIPABA ,0,5,0
2020-04-01, INDEPENDENCIA ,0,1,0
2020-04-01, ARACOIABA ,0,13,0
2020-04-01, MAURITI ,1,4,0
2020-04-01, BARBALHA ,0,31,0
2020-04-01, OCARA ,0,4,0
2020-04-01, SOBRAL ,5,310,0
2020-04-01, QUIXERE ,0,11,0
2020-04-01, PACOTI ,0,6,0
2020-04-01, JAGUARUANA ,0,10,0
2020-04-01, BEBERIBE ,1,19,0
2020-04-01, UBAJARA ,0,4,0
2020-04-01, MONSENHOR TABOSA ,0,1,0
2020-04-01, NOVA OLINDA ,0,2,0
2020-04-01, ALTO SANTO ,0,1,0
2020-04-01, ITAPIPOCA ,1,40,0
2020-04-01, PARAMOTI ,0,5,0
2020-04-01, LIMOEIRO DO NORTE ,0,9,0
2020-04-01, REDENCAO ,0,7,0
2020-04-01, CATUNDA ,0,1,0
2020-04-01, BARROQUINHA ,0,6,0
2020-04-01, NOVO ORIENTE ,0,1,0
2020-04-01, SOLONOPOLE ,0,2,0
2020-04-01, HIDROLANDIA ,0,4,0
2020-04-01, HORIZONTE ,0,25,0
2020-04-01, BARREIRA ,0,5,0
2020-04-01, FORTIM ,1,3,0
2020-04-01, SANTANA DO ACARAU ,0,22,0
2020-04-01, GUARAMIRANGA ,0,3,0
2020-04-01, CHOROZINHO ,0,3,0
2020-04-01, SANTANA DO CARIRI ,0,1,0
2020-04-01, BANABUIU ,0,3,0
2020-04-01, FORQUILHA ,0,9,0
2020-04-01, PARACURU ,0,1,0
2020-04-01, ICO ,2,14,0
2020-04-01, MARTINOPOLE ,0,1,0
2020-04-01, PACAJUS ,0,38,0
2020-04-01, ALCANTARAS ,0,1,0
2020-04-01, IGUATU ,0,20,0
2020-04-01, PENTECOSTE ,0,4,0
2020-04-01, AURORA ,0,4,0
2020-04-01, VICOSA DO CEARA ,0,5,0
2020-04-01, ASSARE ,0,2,0
2020-04-01, TAUA ,0,28,0
2020-04-01, PEREIRO ,0,2,0
2020-04-01, BREJO SANTO ,0,11,0
2020-04-01, JUCAS ,0,3,0
2020-04-01, GRACA ,0,1,0
2020-04-01, CATARINA ,0,2,0
2020-04-01, CRATO ,0,38,0
2020-04-01, MADALENA ,0,8,0
2020-04-01, IBARETAMA ,0,4,0
2020-04-01, CARIRE ,0,8,0
2020-04-01, QUIXELO ,0,4,0
2020-04-01, RERIUTABA ,0,2,0
2020-04-01, FORTALEZA ,489,3321,15
2020-04-01, NOVA RUSSAS ,0,1,0
2020-04-01, PORANGA ,0,2,0
2020-04-01, BAIXIO ,0,1,0
2020-04-01, CAMPOS SALES ,0,3,0
2020-04-01, MERUOCA ,0,11,0
2020-04-01, IPAPORANGA ,0,3,0
2020-04-01, MORAUJO ,0,7,0
2020-04-01, ARACATI ,0,30,0
2020-04-01, SAO JOAO DO JAGUARIBE ,0,1,0
2020-04-01, PALHANO ,0,1,0
2020-04-01, GUAIÚBA ,0,5,0
2020-04-01, SAO BENEDITO ,0,6,0
2020-04-01, URUBURETAMA ,0,5,0
2020-04-01, IBIAPINA ,0,8,0
2020-04-01, BATURITÉ ,0,6,0
2020-04-01, TURURU ,0,6,0
2020-04-12, ABAIARA ,0,2,0
2020-04-12, ACARAPE ,0,6,0
2020-04-12, ACARAU ,0,30,0
2020-04-12, ACOPIARA ,0,13,0
2020-04-12, AIUABA ,0,1,0
2020-04-12, ALCANTARAS ,0,10,0
2020-04-12, ALTANEIRA ,0,1,0
2020-04-12, ALTO SANTO ,0,3,0
2020-04-12, AMONTADA ,1,15,0
2020-04-12, APUIARES ,0,4,0
2020-04-12, AQUIRAZ ,29,70,0
2020-04-12, ARACATI ,2,61,1
2020-04-12, ARACOIABA ,0,25,0
2020-04-12, ARARENDA ,0,5,0
2020-04-12, ARARIPE ,0,3,0
2020-04-12, ARATUBA ,0,3,0
2020-04-12, ARNEIROZ ,0,5,0
2020-04-12, ASSARE ,0,3,0
2020-04-12, AURORA ,0,5,0
2020-04-12, BAIXIO ,0,2,0
2020-04-12, BANABUIU ,0,5,0
2020-04-12, BARBALHA ,0,41,0
2020-04-12, BARREIRA ,1,9,0
2020-04-12, BARRO ,0,4,0
2020-04-12, BARROQUINHA ,1,8,0
2020-04-12, BATURITÉ ,0,14,0
2020-04-12, BEBERIBE ,1,28,0
2020-04-12, BELA CRUZ ,0,6,0
2020-04-12, BOA VIAGEM ,0,13,0
2020-04-12, BREJO SANTO ,0,11,0
2020-04-12, CAMOCIM ,0,14,0
2020-04-12, CAMPOS SALES ,0,7,0
2020-04-12, CANINDE ,1,89,0
2020-04-12, CAPISTRANO ,0,5,0
2020-04-12, CARIDADE ,0,8,0
2020-04-12, CARIRE ,0,8,0
2020-04-12, CARIRIACU ,0,6,0
2020-04-12, CARIUS ,2,7,1
2020-04-12, CARNAUBAL ,0,4,0
2020-04-12, CASCAVEL ,1,42,0
2020-04-12, CATARINA ,1,3,0
2020-04-12, CATUNDA ,0,1,0
2020-04-12, CAUCAIA ,27,300,1
2020-04-12, CEDRO ,0,6,0
2020-04-12, CHAVAL ,0,1,0
2020-04-12, CHORÓ ,0,1,0
2020-04-12, CHOROZINHO ,0,6,0
2020-04-12, COREAU ,0,17,0
2020-04-12, CRATEUS ,1,60,0
2020-04-12, CRATO ,1,65,0
2020-04-12, CROATA ,1,2,0
2020-04-12, CRUZ ,0,10,0
2020-04-12, ERERE ,0,2,0
2020-04-12, EUSEBIO ,6,115,2
2020-04-12, FARIAS BRITO ,1,5,1
2020-04-12, FORQUILHA ,0,17,0
2020-04-12, FORTALEZA ,1521,7173,66
2020-04-12, FORTIM ,1,3,0
2020-04-12, FRECHEIRINHA ,0,8,0
2020-04-12, GRACA ,0,2,0
2020-04-12, GRANJA ,0,11,0
2020-04-12, GRANJEIRO ,0,2,0
2020-04-12, GROAIRAS ,0,4,0
2020-04-12, GUAIÚBA ,0,6,0
2020-04-12, GUARACIABA DO NORTE ,1,8,0
2020-04-12, GUARAMIRANGA ,0,4,0
2020-04-12, HIDROLANDIA ,0,5,0
2020-04-12, HORIZONTE ,8,57,1
2020-04-12, IBARETAMA ,0,7,0
2020-04-12, IBIAPINA ,0,11,0
2020-04-12, IBICUITINGA ,0,4,0
2020-04-12, ICAPUI ,1,18,0
2020-04-12, ICO ,3,17,0
2020-04-12, IGUATU ,6,34,3
2020-04-12, INDEPENDENCIA ,2,3,0
2020-04-12, IPAPORANGA ,1,6,0
2020-04-12, IPAUMIRIM ,0,2,0
2020-04-12, IPU ,0,5,0
2020-04-12, IPUEIRAS ,2,13,0
2020-04-12, IRAUCUBA ,0,11,0
2020-04-12, ITAICABA ,1,2,0
2020-04-12, ITAITINGA ,6,49,1
2020-04-12, ITAPAJE ,1,3,0
2020-04-12, ITAPIPOCA ,1,49,0
2020-04-12, ITAPIUNA ,0,4,0
2020-04-12, ITAREMA ,1,13,0
2020-04-12, ITATIRA ,0,8,0
2020-04-12, JAGUARETAMA ,0,4,0
2020-04-12, JAGUARIBARA ,0,6,0
2020-04-12, JAGUARIBE ,5,24,1
2020-04-12, JAGUARUANA ,0,16,0
2020-04-12, JARDIM ,0,4,0
2020-04-12, JIJOCA DE JERICOACOARA ,0,10,0
2020-04-12, JUAZEIRO DO NORTE ,3,79,0
2020-04-12, JUCAS ,0,6,0
2020-04-12, LAVRAS DA MANGABEIRA ,1,9,0
2020-04-12, LIMOEIRO DO NORTE ,5,18,2
2020-04-12, MADALENA ,0,10,0
2020-04-12, MARACANAU ,23,169,1
2020-04-12, MARANGUAPE ,3,84,1
2020-04-12, MARCO ,0,7,0
2020-04-12, MARTINOPOLE ,0,3,0
2020-04-12, MASSAPE ,1,46,0
2020-04-12, MAURITI ,1,7,0
2020-04-12, MERUOCA ,0,11,0
2020-04-12, MILAGRES ,0,6,0
2020-04-12, MILHA ,0,1,0
2020-04-12, MIRAIMA ,0,1,0
2020-04-12, MISSAO VELHA ,0,4,0
2020-04-12, MOMBACA ,3,5,0
2020-04-12, MONSENHOR TABOSA ,0,2,0
2020-04-12, MORADA NOVA ,0,18,0
2020-04-12, MORAUJO ,0,9,0
2020-04-12, MORRINHOS ,0,5,0
2020-04-12, MUCAMBO ,0,33,0
2020-04-12, MULUNGU ,0,16,0
2020-04-12, NOVA OLINDA ,0,5,0
2020-04-12, NOVA RUSSAS ,0,3,0
2020-04-12, NOVO ORIENTE ,2,5,0
2020-04-12, OCARA ,0,9,0
2020-04-12, OROS ,0,1,0
2020-04-12, PACAJUS ,1,58,0
2020-04-12, PACATUBA ,2,42,0
2020-04-12, PACOTI ,0,9,0
2020-04-12, PACUJA ,0,6,0
2020-04-12, PALHANO ,0,1,0
2020-04-12, PALMACIA ,0,1,0
2020-04-12, PARACURU ,0,4,0
2020-04-12, PARAIPABA ,0,7,0
2020-04-12, PARAMBU ,0,10,0
2020-04-12, PARAMOTI ,0,7,0
2020-04-12, PEDRA BRANCA ,1,3,0
2020-04-12, PENAFORTE ,0,2,0
2020-04-12, PENTECOSTE ,0,8,0
2020-04-12, PEREIRO ,0,4,0
2020-04-12, PINDORETAMA ,1,33,0
2020-04-12, PIQUET CARNEIRO ,0,4,0
2020-04-12, PIRES FERREIRA ,0,3,0
2020-04-12, PORANGA ,0,3,0
2020-04-12, POTENGI ,0,4,0
2020-04-12, POTIRETAMA ,0,1,0
2020-04-12, QUITERIANOPOLIS ,0,10,0
2020-04-12, QUIXADA ,7,43,0
2020-04-12, QUIXELO ,0,7,0
2020-04-12, QUIXERAMOBIM ,5,19,1
2020-04-12, QUIXERE ,2,15,0
2020-04-12, REDENCAO ,1,15,0
2020-04-12, RERIUTABA ,0,3,0
2020-04-12, RUSSAS ,2,44,0
2020-04-12, SABOEIRO ,0,2,0
2020-04-12, SALITRE ,0,2,0
2020-04-12, SANTANA DO ACARAU ,1,34,0
2020-04-12, SANTANA DO CARIRI ,0,1,0
2020-04-12, SANTA QUITERIA ,2,17,1
2020-04-12, SAO BENEDITO ,0,7,0
2020-04-12, SAO GONCALO DO AMARANTE ,0,19,0
2020-04-12, SAO JOAO DO JAGUARIBE ,0,2,0
2020-04-12, SAO LUÍS DO CURU ,1,8,0
2020-04-12, SENADOR POMPEU ,2,6,0
2020-04-12, SENADOR SA ,1,2,0
2020-04-12, SOBRAL ,14,398,0
2020-04-12, SOLONOPOLE ,0,2,0
2020-04-12, TABULEIRO DO NORTE ,1,7,0
2020-04-12, TAMBORIL ,0,6,0
2020-04-12, TARRAFAS ,0,3,0
2020-04-12, TAUA ,0,62,0
2020-04-12, TEJUCUOCA ,0,4,0
2020-04-12, TIANGUA ,3,22,1
2020-04-12, TRAIRI ,0,9,0
2020-04-12, TURURU ,0,6,0
2020-04-12, UBAJARA ,0,5,0
2020-04-12, UMARI ,0,1,0
2020-04-12, UMIRIM ,0,3,0
2020-04-12, URUBURETAMA ,0,7,0
2020-04-12, URUOCA ,0,15,0
2020-04-12, VARJOTA ,0,4,0
2020-04-12, VARZEA ALEGRE ,1,8,0
2020-04-12, VICOSA DO CEARA ,0,12,0
2020-04-12, Sem informação ,19,119,0
2020-04-10, Sem informação ,20,49,0
2020-04-10, CAMOCIM ,0,14,0
2020-04-10, IPAUMIRIM ,0,1,0
2020-04-10, ABAIARA ,0,2,0
2020-04-10, ITAICABA ,1,2,0
2020-04-10, MULUNGU ,0,16,0
2020-04-10, CAUCAIA ,23,240,1
2020-04-10, CARIDADE ,0,8,0
2020-04-10, SALITRE ,0,1,0
2020-04-10, SAO LUÍS DO CURU ,1,6,0
2020-04-10, MORADA NOVA ,0,15,0
2020-04-10, CARNAUBAL ,0,4,0
2020-04-10, CEDRO ,0,7,0
2020-04-10, ITAREMA ,0,14,0
2020-04-10, QUIXADA ,6,33,0
2020-04-10, ITAPAJE ,1,2,0
2020-04-10, ANTONINA DO NORTE ,0,1,0
2020-04-10, ITAITINGA ,3,39,1
2020-04-10, CRUZ ,0,9,0
2020-04-10, TARRAFAS ,0,3,0
2020-04-10, SANTA QUITERIA ,2,17,1
2020-04-10, ACARAPE ,0,6,0
2020-04-10, ALTANEIRA ,0,2,0
2020-04-10, GUARACIABA DO NORTE ,1,9,0
2020-04-10, CANINDE ,1,89,0
2020-04-10, COREAU ,0,13,0
2020-04-10, MARCO ,0,7,0
2020-04-10, CAPISTRANO ,0,3,0
2020-04-10, ERERE ,0,2,0
2020-04-10, POTENGI ,0,2,0
2020-04-10, FARIAS BRITO ,1,4,1
2020-04-10, TEJUCUOCA ,0,4,0
2020-04-10, MARANGUAPE ,2,71,0
2020-04-10, MILHA ,0,1,0
2020-04-10, JAGUARIBE ,3,20,1
2020-04-10, CARIUS ,2,7,1
2020-04-10, RUSSAS ,1,45,0
2020-04-10, PEDRA BRANCA ,1,3,0
2020-04-10, SABOEIRO ,0,2,0
2020-04-10, CRATEUS ,1,57,0
2020-04-10, MIRAIMA ,0,1,0
2020-04-10, ACARAU ,0,34,0
2020-04-10, PALMACIA ,0,1,0
2020-04-10, TIANGUA ,2,21,1
2020-04-10, IRAUCUBA ,0,11,0
2020-04-10, URUOCA ,0,15,0
2020-04-10, JUAZEIRO DO NORTE ,3,72,0
2020-04-10, BARRO ,0,4,0
2020-04-10, PIQUET CARNEIRO ,0,2,0
2020-04-10, TABULEIRO DO NORTE ,1,8,0
2020-04-10, UMARI ,0,2,0
2020-04-10, GROAIRAS ,0,4,0
2020-04-10, CHAVAL ,0,1,0
2020-04-10, PIRES FERREIRA ,0,4,0
2020-04-10, QUIXERAMOBIM ,2,21,0
2020-04-10, MORRINHOS ,0,5,0
2020-04-10, GRANJEIRO ,0,2,0
2020-04-10, SENADOR POMPEU ,2,6,0
2020-04-10, IBICUITINGA ,0,3,0
2020-04-10, ICAPUI ,1,17,0
2020-04-10, TAMBORIL ,0,8,0
2020-04-10, MISSAO VELHA ,0,4,0
2020-04-10, MOMBACA ,2,6,0
2020-04-10, MUCAMBO ,0,32,0
2020-04-10, PARAMBU ,0,7,0
2020-04-10, ACOPIARA ,0,12,0
2020-04-10, POTIRETAMA ,0,1,0
2020-04-10, CARIRIACU ,0,6,0
2020-04-10, ARATUBA ,0,3,0
2020-04-10, TRAIRI ,0,8,0
2020-04-10, MARACANAU ,20,127,1
2020-04-10, VARJOTA ,0,5,0
2020-04-10, LAVRAS DA MANGABEIRA ,1,7,0
2020-04-10, AMONTADA ,1,15,0
2020-04-10, CASCAVEL ,1,38,0
2020-04-10, PINDORETAMA ,1,32,0
2020-04-10, GRANJA ,0,11,0
2020-04-10, SENADOR SA ,1,1,0
2020-04-10, IPUEIRAS ,2,11,0
2020-04-10, JAGUARIBARA ,0,6,0
2020-04-10, BOA VIAGEM ,0,13,0
2020-04-10, PACUJA ,0,6,0
2020-04-10, ARARENDA ,0,5,0
2020-04-10, PACATUBA ,2,36,0
2020-04-10, JAGUARETAMA ,0,5,0
2020-04-10, MILAGRES ,0,5,0
2020-04-10, CROATA ,1,2,0
2020-04-10, PENAFORTE ,0,2,0
2020-04-10, MASSAPE ,0,46,0
2020-04-10, QUITERIANOPOLIS ,0,9,0
2020-04-10, ITAPIUNA ,0,5,0
2020-04-10, FRECHEIRINHA ,0,7,0
2020-04-10, VARZEA ALEGRE ,1,8,0
2020-04-10, IPU ,0,4,0
2020-04-10, JIJOCA DE JERICOACOARA ,0,10,0
2020-04-10, ARARIPE ,0,2,0
2020-04-10, APUIARES ,0,4,0
2020-04-10, ARNEIROZ ,0,5,0
2020-04-10, BELA CRUZ ,0,5,0
2020-04-10, EUSEBIO ,3,100,2
2020-04-10, JARDIM ,0,4,0
2020-04-10, AQUIRAZ ,28,72,0
2020-04-10, CHORÓ ,0,1,0
2020-04-10, SAO GONCALO DO AMARANTE ,0,18,0
2020-04-10, ITATIRA ,0,8,0
2020-04-10, PARAIPABA ,0,7,0
2020-04-10, INDEPENDENCIA ,2,4,0
2020-04-10, ARACOIABA ,0,26,0
2020-04-10, MAURITI ,1,6,0
2020-04-10, BARBALHA ,0,40,0
2020-04-10, OCARA ,0,9,0
2020-04-10, SOBRAL ,14,388,0
2020-04-10, QUIXERE ,2,15,0
2020-04-10, PACOTI ,0,9,0
2020-04-10, JAGUARUANA ,0,18,0
2020-04-10, BEBERIBE ,1,25,0
2020-04-10, UBAJARA ,0,5,0
2020-04-10, MONSENHOR TABOSA ,0,2,0
2020-04-10, NOVA OLINDA ,0,3,0
2020-04-10, ALTO SANTO ,0,1,0
2020-04-10, ITAPIPOCA ,1,52,0
2020-04-10, PARAMOTI ,0,7,0
2020-04-10, LIMOEIRO DO NORTE ,2,18,0
2020-04-10, REDENCAO ,0,14,0
2020-04-10, CATUNDA ,0,1,0
2020-04-10, BARROQUINHA ,0,7,0
2020-04-10, NOVO ORIENTE ,2,5,0
2020-04-10, SOLONOPOLE ,0,2,0
2020-04-10, HIDROLANDIA ,0,5,0
2020-04-10, HORIZONTE ,7,52,1
2020-04-10, BARREIRA ,0,9,0
2020-04-10, FORTIM ,1,3,0
2020-04-10, SANTANA DO ACARAU ,1,30,0
2020-04-10, GUARAMIRANGA ,0,4,0
2020-04-10, CHOROZINHO ,0,6,0
2020-04-10, SANTANA DO CARIRI ,0,1,0
2020-04-10, BANABUIU ,0,6,0
2020-04-10, FORQUILHA ,0,16,0
2020-04-10, PARACURU ,0,4,0
2020-04-10, ICO ,3,17,0
2020-04-10, MARTINOPOLE ,0,3,0
2020-04-10, UMIRIM ,0,2,0
2020-04-10, PACAJUS ,0,55,0
2020-04-10, ALCANTARAS ,0,8,0
2020-04-10, IGUATU ,5,31,2
2020-04-10, PENTECOSTE ,0,8,0
2020-04-10, AURORA ,0,5,0
2020-04-10, VICOSA DO CEARA ,0,11,0
2020-04-10, ASSARE ,0,3,0
2020-04-10, TAUA ,0,55,0
2020-04-10, PEREIRO ,0,4,0
2020-04-10, BREJO SANTO ,0,11,0
2020-04-10, JUCAS ,0,5,0
2020-04-10, GRACA ,0,2,0
2020-04-10, CATARINA ,1,3,0
2020-04-10, CRATO ,1,51,0
2020-04-10, MADALENA ,0,10,0
2020-04-10, IBARETAMA ,0,7,0
2020-04-10, CARIRE ,0,8,0
2020-04-10, QUIXELO ,0,7,0
2020-04-10, RERIUTABA ,0,3,0
2020-04-10, FORTALEZA ,1366,6102,53
2020-04-10, NOVA RUSSAS ,0,2,0
2020-04-10, PORANGA ,0,2,0
2020-04-10, BAIXIO ,0,2,0
2020-04-10, OROS ,0,1,0
2020-04-10, CAMPOS SALES ,0,4,0
2020-04-10, MERUOCA ,0,11,0
2020-04-10, IPAPORANGA ,1,6,0
2020-04-10, MORAUJO ,0,9,0
2020-04-10, ARACATI ,2,49,1
2020-04-10, SAO JOAO DO JAGUARIBE ,0,2,0
2020-04-10, PALHANO ,0,1,0
2020-04-10, GUAIÚBA ,0,6,0
2020-04-10, SAO BENEDITO ,0,7,0
2020-04-10, URUBURETAMA ,0,7,0
2020-04-10, IBIAPINA ,0,8,0
2020-04-10, BATURITÉ ,0,12,0
2020-04-10, AIUABA ,0,1,0
2020-04-10, TURURU ,0,6,0
2020-04-04, Sem informação ,5,49,0
2020-04-04, CAMOCIM ,0,14,0
2020-04-04, ABAIARA ,0,1,0
2020-04-04, ITAICABA ,0,2,0
2020-04-04, MULUNGU ,0,14,0
2020-04-04, CAUCAIA ,7,167,0
2020-04-04, CARIDADE ,0,6,0
2020-04-04, SALITRE ,0,1,0
2020-04-04, SAO LUÍS DO CURU ,0,6,0
2020-04-04, MORADA NOVA ,0,14,0
2020-04-04, CARNAUBAL ,0,2,0
2020-04-04, CEDRO ,0,4,0
2020-04-04, ITAREMA ,0,10,0
2020-04-04, QUIXADA ,2,22,0
2020-04-04, ITAPAJE ,1,1,0
2020-04-04, ANTONINA DO NORTE ,0,1,0
2020-04-04, ITAITINGA ,1,23,0
2020-04-04, CRUZ ,0,9,0
2020-04-04, TARRAFAS ,0,2,0
2020-04-04, SANTA QUITERIA ,1,16,1
2020-04-04, ACARAPE ,0,4,0
2020-04-04, ALTANEIRA ,0,2,0
2020-04-04, GUARACIABA DO NORTE ,0,7,0
2020-04-04, CANINDE ,1,70,0
2020-04-04, COREAU ,0,8,0
2020-04-04, MARCO ,0,6,0
2020-04-04, CAPISTRANO ,0,3,0
2020-04-04, ERERE ,0,1,0
2020-04-04, POTENGI ,0,2,0
2020-04-04, FARIAS BRITO ,1,4,1
2020-04-04, TEJUCUOCA ,0,4,0
2020-04-04, MARANGUAPE ,1,55,0
2020-04-04, MILHA ,0,1,0
2020-04-04, JAGUARIBE ,1,14,1
2020-04-04, CARIUS ,1,4,1
2020-04-04, RUSSAS ,0,32,0
2020-04-04, PEDRA BRANCA ,0,3,0
2020-04-04, SABOEIRO ,0,1,0
2020-04-04, CRATEUS ,0,39,0
2020-04-04, MIRAIMA ,0,1,0
2020-04-04, ACARAU ,0,28,0
2020-04-04, PALMACIA ,0,1,0
2020-04-04, TIANGUA ,1,17,1
2020-04-04, IRAUCUBA ,0,7,0
2020-04-04, URUOCA ,0,15,0
2020-04-04, JUAZEIRO DO NORTE ,1,57,0
2020-04-04, BARRO ,0,4,0
2020-04-04, PIQUET CARNEIRO ,0,1,0
2020-04-04, TABULEIRO DO NORTE ,0,7,0
2020-04-04, UMARI ,0,1,0
2020-04-04, GROAIRAS ,0,3,0
2020-04-04, CHAVAL ,0,1,0
2020-04-04, PIRES FERREIRA ,0,4,0
2020-04-04, QUIXERAMOBIM ,0,8,0
2020-04-04, MORRINHOS ,0,5,0
2020-04-04, SENADOR POMPEU ,0,6,0
2020-04-04, IBICUITINGA ,0,2,0
2020-04-04, ICAPUI ,0,11,0
2020-04-04, TAMBORIL ,0,4,0
2020-04-04, MISSAO VELHA ,0,4,0
2020-04-04, MOMBACA ,0,5,0
2020-04-04, MUCAMBO ,0,32,0
2020-04-04, PARAMBU ,0,3,0
2020-04-04, ACOPIARA ,0,11,0
2020-04-04, CARIRIACU ,0,6,0
2020-04-04, ARATUBA ,0,2,0
2020-04-04, TRAIRI ,0,6,0
2020-04-04, MARACANAU ,14,90,1
2020-04-04, VARJOTA ,0,3,0
2020-04-04, LAVRAS DA MANGABEIRA ,0,5,0
2020-04-04, AMONTADA ,0,14,0
2020-04-04, CASCAVEL ,0,26,0
2020-04-04, PINDORETAMA ,0,28,0
2020-04-04, GRANJA ,0,8,0
2020-04-04, SENADOR SA ,0,1,0
2020-04-04, IPUEIRAS ,0,8,0
2020-04-04, JAGUARIBARA ,0,5,0
2020-04-04, BOA VIAGEM ,0,9,0
2020-04-04, PACUJA ,0,5,0
2020-04-04, ARARENDA ,0,3,0
2020-04-04, PACATUBA ,1,26,0
2020-04-04, JAGUARETAMA ,0,5,0
2020-04-04, MILAGRES ,0,3,0
2020-04-04, CROATA ,0,1,0
2020-04-04, PENAFORTE ,0,2,0
2020-04-04, MASSAPE ,0,32,0
2020-04-04, QUITERIANOPOLIS ,0,6,0
2020-04-04, ITAPIUNA ,0,2,0
2020-04-04, FRECHEIRINHA ,0,5,0
2020-04-04, VARZEA ALEGRE ,0,3,0
2020-04-04, IPU ,0,4,0
2020-04-04, JIJOCA DE JERICOACOARA ,0,6,0
2020-04-04, ARARIPE ,0,2,0
2020-04-04, APUIARES ,0,4,0
2020-04-04, ARNEIROZ ,0,2,0
2020-04-04, BELA CRUZ ,0,4,0
2020-04-04, EUSEBIO ,0,70,1
2020-04-04, JARDIM ,0,3,0
2020-04-04, AQUIRAZ ,19,54,0
2020-04-04, CHORÓ ,0,1,0
2020-04-04, SAO GONCALO DO AMARANTE ,0,12,0
2020-04-04, ITATIRA ,0,5,0
2020-04-04, PARAIPABA ,0,6,0
2020-04-04, INDEPENDENCIA ,0,2,0
2020-04-04, ARACOIABA ,0,17,0
2020-04-04, MAURITI ,1,5,0
2020-04-04, BARBALHA ,0,35,0
2020-04-04, OCARA ,0,6,0
2020-04-04, SOBRAL ,5,345,0
2020-04-04, QUIXERE ,0,12,0
2020-04-04, PACOTI ,0,8,0
2020-04-04, JAGUARUANA ,0,12,0
2020-04-04, BEBERIBE ,1,24,0
2020-04-04, UBAJARA ,0,4,0
2020-04-04, MONSENHOR TABOSA ,0,2,0
2020-04-04, NOVA OLINDA ,0,2,0
2020-04-04, ALTO SANTO ,0,1,0
2020-04-04, ITAPIPOCA ,1,43,0
2020-04-04, PARAMOTI ,0,5,0
2020-04-04, LIMOEIRO DO NORTE ,0,11,0
2020-04-04, REDENCAO ,0,9,0
2020-04-04, CATUNDA ,0,1,0
2020-04-04, BARROQUINHA ,0,7,0
2020-04-04, NOVO ORIENTE ,0,1,0
2020-04-04, SOLONOPOLE ,0,2,0
2020-04-04, HIDROLANDIA ,0,4,0
2020-04-04, HORIZONTE ,4,34,0
2020-04-04, BARREIRA ,0,7,0
2020-04-04, FORTIM ,1,3,0
2020-04-04, SANTANA DO ACARAU ,0,24,0
2020-04-04, GUARAMIRANGA ,0,4,0
2020-04-04, CHOROZINHO ,0,3,0
2020-04-04, SANTANA DO CARIRI ,0,1,0
2020-04-04, BANABUIU ,0,4,0
2020-04-04, FORQUILHA ,0,12,0
2020-04-04, PARACURU ,0,3,0
2020-04-04, ICO ,2,14,0
2020-04-04, MARTINOPOLE ,0,2,0
2020-04-04, UMIRIM ,0,1,0
2020-04-04, PACAJUS ,0,47,0
2020-04-04, ALCANTARAS ,0,4,0
2020-04-04, IGUATU ,0,22,1
2020-04-04, PENTECOSTE ,0,4,0
2020-04-04, AURORA ,0,4,0
2020-04-04, VICOSA DO CEARA ,0,5,0
2020-04-04, ASSARE ,0,2,0
2020-04-04, TAUA ,0,42,0
2020-04-04, PEREIRO ,0,2,0
2020-04-04, BREJO SANTO ,0,11,0
2020-04-04, JUCAS ,0,4,0
2020-04-04, GRACA ,0,1,0
2020-04-04, CATARINA ,0,2,0
2020-04-04, CRATO ,0,41,0
2020-04-04, MADALENA ,0,8,0
2020-04-04, IBARETAMA ,0,7,0
2020-04-04, CARIRE ,0,8,0
2020-04-04, QUIXELO ,0,6,0
2020-04-04, RERIUTABA ,0,2,0
2020-04-04, FORTALEZA ,764,4256,32
2020-04-04, NOVA RUSSAS ,0,1,0
2020-04-04, PORANGA ,0,2,0
2020-04-04, BAIXIO ,0,2,0
2020-04-04, CAMPOS SALES ,0,3,0
2020-04-04, MERUOCA ,0,11,0
2020-04-04, IPAPORANGA ,1,3,0
2020-04-04, MORAUJO ,0,8,0
2020-04-04, ARACATI ,0,37,1
2020-04-04, SAO JOAO DO JAGUARIBE ,0,1,0
2020-04-04, PALHANO ,0,1,0
2020-04-04, GUAIÚBA ,0,6,0
2020-04-04, SAO BENEDITO ,0,6,0
2020-04-04, URUBURETAMA ,0,6,0
2020-04-04, IBIAPINA ,0,8,0
2020-04-04, BATURITÉ ,0,7,0
2020-04-04, TURURU ,0,6,0
2020-04-09, FORTALEZA ,1324,6060,50
2020-04-09, AQUIRAZ ,28,72,0
2020-04-09, Sem informação ,20,49,0
2020-04-09, CAUCAIA ,20,236,1
2020-04-09, MARACANAU ,20,126,1
2020-04-09, SOBRAL ,14,388,0
2020-04-09, HORIZONTE ,7,52,1
2020-04-09, QUIXADA ,6,33,0
2020-04-09, IGUATU ,5,30,2
2020-04-09, ITAITINGA ,3,38,1
2020-04-09, JAGUARIBE ,3,20,1
2020-04-09, JUAZEIRO DO NORTE ,3,72,0
2020-04-09, EUSEBIO ,3,100,2
2020-04-09, ICO ,3,17,0
2020-04-09, SANTA QUITERIA ,2,17,1
2020-04-09, MARANGUAPE ,2,71,0
2020-04-09, CARIUS ,2,7,1
2020-04-09, IPUEIRAS ,2,11,0
2020-04-09, PACATUBA ,2,35,0
2020-04-09, NOVO ORIENTE ,2,5,0
2020-04-09, ARACATI ,2,49,1
2020-04-09, ITAICABA ,1,2,0
2020-04-09, ITAPAJE ,1,2,0
2020-04-09, GUARACIABA DO NORTE ,1,9,0
2020-04-09, CANINDE ,1,89,0
2020-04-09, FARIAS BRITO ,1,4,1
2020-04-09, PEDRA BRANCA ,1,3,0
2020-04-09, CRATEUS ,1,57,0
2020-04-09, TIANGUA ,1,21,1
2020-04-09, TABULEIRO DO NORTE ,1,8,0
2020-04-09, QUIXERAMOBIM ,1,19,0
2020-04-09, SENADOR POMPEU ,1,6,0
2020-04-09, ICAPUI ,1,17,0
2020-04-09, MOMBACA ,1,6,0
2020-04-09, LAVRAS DA MANGABEIRA ,1,7,0
2020-04-09, AMONTADA ,1,15,0
2020-04-09, CASCAVEL ,1,38,0
2020-04-09, PINDORETAMA ,1,32,0
2020-04-09, SENADOR SA ,1,1,0
2020-04-09, CROATA ,1,2,0
2020-04-09, VARZEA ALEGRE ,1,8,0
2020-04-09, MAURITI ,1,6,0
2020-04-09, BEBERIBE ,1,25,0
2020-04-09, ITAPIPOCA ,1,51,0
2020-04-09, LIMOEIRO DO NORTE ,1,18,0
2020-04-09, FORTIM ,1,3,0
2020-04-09, SANTANA DO ACARAU ,1,30,0
2020-04-09, CATARINA ,1,3,0
2020-04-09, CRATO ,1,51,0
2020-04-09, IPAPORANGA ,1,6,0
2020-04-09, CAMOCIM ,0,14,0
2020-04-09, IPAUMIRIM ,0,1,0
2020-04-09, ABAIARA ,0,2,0
2020-04-09, MULUNGU ,0,16,0
2020-04-09, CARIDADE ,0,8,0
2020-04-09, SALITRE ,0,1,0
2020-04-09, SAO LUÍS DO CURU ,0,6,0
2020-04-09, MORADA NOVA ,0,15,0
2020-04-09, CARNAUBAL ,0,4,0
2020-04-09, CEDRO ,0,7,0
2020-04-09, ITAREMA ,0,14,0
2020-04-09, ANTONINA DO NORTE ,0,1,0
2020-04-09, CRUZ ,0,9,0
2020-04-09, TARRAFAS ,0,3,0
2020-04-09, ACARAPE ,0,6,0
2020-04-09, ALTANEIRA ,0,2,0
2020-04-09, COREAU ,0,13,0
2020-04-09, MARCO ,0,7,0
2020-04-09, CAPISTRANO ,0,3,0
2020-04-09, ERERE ,0,2,0
2020-04-09, POTENGI ,0,2,0
2020-04-09, TEJUCUOCA ,0,4,0
2020-04-09, MILHA ,0,1,0
2020-04-09, RUSSAS ,0,44,0
2020-04-09, SABOEIRO ,0,2,0
2020-04-09, MIRAIMA ,0,1,0
2020-04-09, ACARAU ,0,34,0
2020-04-09, PALMACIA ,0,1,0
2020-04-09, IRAUCUBA ,0,11,0
2020-04-09, URUOCA ,0,15,0
2020-04-09, BARRO ,0,4,0
2020-04-09, PIQUET CARNEIRO ,0,2,0
2020-04-09, UMARI ,0,2,0
2020-04-09, GROAIRAS ,0,4,0
2020-04-09, CHAVAL ,0,1,0
2020-04-09, PIRES FERREIRA ,0,4,0
2020-04-09, MORRINHOS ,0,5,0
2020-04-09, GRANJEIRO ,0,2,0
2020-04-09, IBICUITINGA ,0,3,0
2020-04-09, TAMBORIL ,0,8,0
2020-04-09, MISSAO VELHA ,0,4,0
2020-04-09, MUCAMBO ,0,32,0
2020-04-09, PARAMBU ,0,7,0
2020-04-09, ACOPIARA ,0,12,0
2020-04-09, POTIRETAMA ,0,1,0
2020-04-09, CARIRIACU ,0,6,0
2020-04-09, ARATUBA ,0,3,0
2020-04-09, TRAIRI ,0,8,0
2020-04-09, VARJOTA ,0,4,0
2020-04-09, GRANJA ,0,11,0
2020-04-09, JAGUARIBARA ,0,6,0
2020-04-09, BOA VIAGEM ,0,13,0
2020-04-09, PACUJA ,0,6,0
2020-04-09, ARARENDA ,0,5,0
2020-04-09, JAGUARETAMA ,0,5,0
2020-04-09, MILAGRES ,0,5,0
2020-04-09, PENAFORTE ,0,2,0
2020-04-09, MASSAPE ,0,46,0
2020-04-09, QUITERIANOPOLIS ,0,9,0
2020-04-09, ITAPIUNA ,0,5,0
2020-04-09, FRECHEIRINHA ,0,7,0
2020-04-09, IPU ,0,4,0
2020-04-09, JIJOCA DE JERICOACOARA ,0,10,0
2020-04-09, ARARIPE ,0,2,0
2020-04-09, APUIARES ,0,4,0
2020-04-09, ARNEIROZ ,0,5,0
2020-04-09, BELA CRUZ ,0,5,0
2020-04-09, JARDIM ,0,4,0
2020-04-09, CHORÓ ,0,1,0
2020-04-09, SAO GONCALO DO AMARANTE ,0,18,0
2020-04-09, ITATIRA ,0,8,0
2020-04-09, PARAIPABA ,0,7,0
2020-04-09, INDEPENDENCIA ,0,4,0
2020-04-09, ARACOIABA ,0,25,0
2020-04-09, BARBALHA ,0,39,0
2020-04-09, OCARA ,0,9,0
2020-04-09, QUIXERE ,0,15,0
2020-04-09, PACOTI ,0,9,0
2020-04-09, JAGUARUANA ,0,18,0
2020-04-09, UBAJARA ,0,5,0
2020-04-09, MONSENHOR TABOSA ,0,2,0
2020-04-09, NOVA OLINDA ,0,3,0
2020-04-09, ALTO SANTO ,0,1,0
2020-04-09, PARAMOTI ,0,7,0
2020-04-09, REDENCAO ,0,14,0
2020-04-09, CATUNDA ,0,1,0
2020-04-09, BARROQUINHA ,0,7,0
2020-04-09, SOLONOPOLE ,0,2,0
2020-04-09, HIDROLANDIA ,0,5,0
2020-04-09, BARREIRA ,0,9,0
2020-04-09, GUARAMIRANGA ,0,4,0
2020-04-09, CHOROZINHO ,0,6,0
2020-04-09, SANTANA DO CARIRI ,0,1,0
2020-04-09, BANABUIU ,0,6,0
2020-04-09, FORQUILHA ,0,16,0
2020-04-09, PARACURU ,0,3,0
2020-04-09, MARTINOPOLE ,0,3,0
2020-04-09, UMIRIM ,0,2,0
2020-04-09, PACAJUS ,0,55,0
2020-04-09, ALCANTARAS ,0,8,0
2020-04-09, PENTECOSTE ,0,8,0
2020-04-09, AURORA ,0,5,0
2020-04-09, VICOSA DO CEARA ,0,11,0
2020-04-09, ASSARE ,0,3,0
2020-04-09, TAUA ,0,55,0
2020-04-09, PEREIRO ,0,4,0
2020-04-09, BREJO SANTO ,0,11,0
2020-04-09, JUCAS ,0,5,0
2020-04-09, GRACA ,0,2,0
2020-04-09, MADALENA ,0,10,0
2020-04-09, IBARETAMA ,0,7,0
2020-04-09, CARIRE ,0,8,0
2020-04-09, QUIXELO ,0,7,0
2020-04-09, RERIUTABA ,0,3,0
2020-04-09, NOVA RUSSAS ,0,2,0
2020-04-09, PORANGA ,0,2,0
2020-04-09, BAIXIO ,0,2,0
2020-04-09, OROS ,0,1,0
2020-04-09, CAMPOS SALES ,0,4,0
2020-04-09, MERUOCA ,0,11,0
2020-04-09, MORAUJO ,0,9,0
2020-04-09, SAO JOAO DO JAGUARIBE ,0,2,0
2020-04-09, PALHANO ,0,1,0
2020-04-09, GUAIÚBA ,0,6,0
2020-04-09, SAO BENEDITO ,0,7,0
2020-04-09, URUBURETAMA ,0,7,0
2020-04-09, IBIAPINA ,0,8,0
2020-04-09, BATURITÉ ,0,12,0
2020-04-09, AIUABA ,0,1,0
2020-04-09, TURURU ,0,6,0
